barcode,gene,1.1,1.2,2.1,2.2,3.1,3.2,4.1,4.2,5.1,5.2,6.1,6.2,7.1,7.2,8.1,8.2,9.1,9.2,10.1,10.2,11.1,11.2,12.1,12.2,13.1,13.2,14.1,14.2,15.1,15.2,16.1,16.2,17.1,17.2,18.1,18.2,19.1,19.2,20.1,20.2,21.1,21.2,22.1,22.2
no_match,,6058,5016,161870,161576,129087,129659,181924,185534,39724,39069,56075,55046,56277,55664,8710,7462,6638,5818,9700,9192,5827,5445,9248,8813,7319,6301,21037,20697,10848,9937,19057,18576,12506,11678,16779,15795,13415,11873,17414,16732,21847,21271,9149,8581
aaaacatagta,PBANKA_143690,0,0,0,0,0,0,1,0,0,0,0,0,0,0,0,0,0,0,0,0,0,0,0,0,0,0,0,0,0,0,0,0,0,0,0,0,0,0,0,0,0,0,0,0
aaaacgaggag,PBANKA_020390,0,0,0,0,8,8,3,3,0,0,0,0,0,0,0,0,0,0,0,0,0,0,0,0,0,0,0,0,0,0,0,0,0,0,0,0,0,0,0,0,0,0,0,0
aaacaatggac,PBANKA_030870,0,0,1,0,0,0,0,0,0,0,0,0,0,0,0,0,0,0,0,0,0,0,0,0,0,0,0,0,0,0,0,0,0,0,0,0,0,0,0,0,0,0,0,0
aaataaattag,PBANKA_130440,0,0,62,60,0,0,0,0,0,0,0,0,0,0,0,0,0,0,0,0,0,0,0,0,0,0,0,0,0,0,0,0,0,0,0,0,0,0,0,0,0,0,0,0
aaataagcgcg,PBANKA_131480,1156,1155,74,74,8,8,660,647,4,4,1,1,65,66,0,0,0,0,1,1,0,0,142,138,98,100,0,0,0,0,1,1,1,1,279,282,355,359,0,0,1,1,103,101
aaatcgtgcta,PBANKA_130380,0,0,0,0,4,4,20,21,0,0,0,0,0,0,0,0,0,0,0,0,0,0,0,0,0,0,0,0,0,0,0,0,0,0,0,0,0,0,0,0,0,0,0,0
aaattggatca,PBANKA_010720,0,0,143,146,11,11,2,2,0,0,0,0,0,0,0,0,0,0,0,0,0,0,0,0,1,0,0,0,0,0,0,0,0,0,10,10,0,0,0,0,0,0,0,0
aacacaaccgc,PBANKA_140160,1388,1420,5506,5586,8621,8844,6884,7040,141,145,737,755,290,299,32,32,40,41,235,230,188,197,6,6,8,5,4,3,1,1,287,292,189,196,70,70,53,52,1,0,1,0,18,20
aacagggttcc,PBANKA_040750,0,0,0,0,2,2,9,8,0,0,0,0,0,0,0,0,0,0,0,0,0,0,0,0,0,0,0,0,0,0,0,0,0,0,0,0,0,0,0,0,0,0,0,0
aacataaaagt,PBANKA_031480,0,0,18,19,5,5,17,17,0,0,0,0,0,0,0,0,0,0,0,0,0,0,0,0,0,0,0,0,0,0,0,0,0,0,0,0,0,0,0,0,0,0,0,0
aacatccggcg,PBANKA_113230,0,0,0,0,9,9,22,20,0,0,0,0,0,0,0,0,0,0,0,0,0,0,0,0,0,0,0,0,0,0,0,0,0,0,0,0,0,0,0,0,0,0,0,0
aacgcctctgt,PBANKA_082870,0,0,0,0,0,0,2,2,0,0,0,0,0,0,0,0,0,0,0,0,0,0,0,0,0,0,0,0,0,0,0,0,0,0,0,0,0,0,0,0,0,0,0,0
aacgctcaaaa,PBANKA_071870,0,0,27,27,18,19,57,56,0,0,0,0,0,0,0,0,0,0,0,0,0,0,0,0,0,0,0,0,0,0,0,0,0,0,0,0,0,0,0,0,0,0,0,0
aactacatagt,PBANKA_131610,0,0,60,62,33,33,1787,1796,0,0,0,0,0,0,0,0,0,0,0,0,0,0,0,0,0,0,0,0,2,2,0,0,0,0,0,0,0,0,1,0,0,0,1,1
aactgaccgag,PBANKA_081060,0,0,0,0,0,0,4,4,0,0,0,0,0,0,0,0,0,0,0,0,0,0,0,0,0,0,0,0,0,0,0,0,0,0,0,0,0,0,0,0,0,0,0,0
aagaaagaaat,PBANKA_122230,0,0,0,0,0,0,0,0,7,7,0,0,0,0,0,0,1,1,0,0,0,0,0,0,1,1,2,2,0,0,0,0,0,0,0,0,0,0,3,3,0,0,0,0
aagatgggaaa,PBANKA_103040,0,0,49,47,0,0,0,0,0,0,0,0,0,0,0,0,0,0,0,0,0,0,0,0,0,0,0,0,0,0,0,0,0,0,0,0,0,0,0,0,0,0,0,0
aagccaggacg,PBANKA_010780,0,0,0,0,0,0,3,3,0,0,0,0,0,0,0,0,0,0,0,0,0,0,0,0,0,0,0,0,0,0,0,0,0,0,0,0,0,0,0,0,0,0,0,0
aaggatctatc,PBANKA_136210,0,0,72,72,0,0,3,3,0,0,11,10,0,0,0,0,0,0,0,0,0,0,0,0,0,0,0,0,0,0,0,0,0,0,0,0,0,0,0,0,0,0,0,0
aagtatggtcg,PBANKA_143780,0,0,0,0,0,0,3,3,0,0,0,0,0,0,0,0,0,0,0,0,0,0,0,0,0,0,0,0,0,0,0,0,0,0,0,0,0,0,0,0,0,0,0,0
aatagcctctt,PBANKA_142710,0,0,0,0,7,7,12,12,0,0,0,0,0,0,0,0,0,0,0,0,0,0,0,0,0,0,0,0,0,0,0,0,0,0,0,0,0,0,0,0,0,0,0,0
aatagcgggta,PBANKA_083200,0,0,0,0,0,0,2,2,0,0,0,0,0,0,0,0,0,0,0,0,0,0,0,0,0,0,0,0,0,0,0,0,0,0,0,0,0,0,0,0,0,0,0,0
aatcataccca,PBANKA_113200,0,0,0,0,0,0,1,1,0,0,0,0,0,0,0,0,0,0,0,0,0,0,0,0,0,0,0,0,0,0,0,0,0,0,0,0,0,0,0,0,0,0,0,0
aatctaggcgt,PBANKA_121650,0,0,0,0,3,3,0,0,0,0,0,0,0,0,0,0,0,0,0,0,0,0,0,0,0,0,0,0,0,0,0,0,0,0,0,0,0,0,0,0,0,0,0,0
aatgggtaaca,PBANKA_132170,0,0,31,34,0,0,0,0,0,0,0,0,0,0,0,0,0,0,0,0,0,0,0,0,0,0,0,0,0,0,0,0,0,0,0,0,0,0,0,0,0,0,0,0
aatggtcgatc,PBANKA_030240,0,0,0,0,0,0,0,0,0,0,0,0,0,0,0,0,0,0,0,0,0,0,0,0,0,0,0,0,0,0,0,0,0,0,0,0,1,1,1,1,3,3,0,0
aattaaacgct,PBANKA_061430,0,0,0,0,3,4,5,5,0,0,0,0,0,0,0,0,0,0,0,0,0,0,0,0,0,0,0,0,0,0,0,0,0,0,0,0,0,0,0,0,0,0,0,0
aattcagcctt,PBANKA_122840,0,0,0,0,0,0,0,0,0,0,0,0,0,0,0,0,0,0,0,0,0,0,0,0,0,0,0,0,0,0,4,4,0,0,0,0,0,0,0,0,0,0,0,0
acaaggcatgt,PBANKA_102480,0,0,0,0,0,1,0,0,0,0,0,0,0,0,0,0,0,0,0,0,0,1,0,0,0,0,0,0,0,0,0,0,0,0,0,0,0,0,0,0,0,0,0,0
acacgacaagc,PBANKA_103780,1855,1855,127311,127745,121521,122024,175824,175925,29803,30081,38870,39280,33525,33784,68591,69240,56559,57038,53311,53723,43884,44199,69712,70276,69143,69877,55556,55971,43322,43796,43910,44323,54795,55337,67966,68632,77626,78645,67894,68487,34188,34553,61281,61751
acagggattca,PBANKA_083330,0,0,0,0,0,0,0,0,0,0,0,0,0,0,0,0,0,0,0,0,0,0,0,0,0,0,0,0,0,0,2,2,0,0,2,3,0,0,0,0,0,0,0,0
acatcagaaag,PBANKA_134380,0,0,0,0,3,3,18,20,0,0,0,0,0,0,0,0,0,0,0,0,0,0,0,0,0,0,0,0,0,0,0,0,0,0,0,0,0,0,0,0,0,0,0,0
acatgctaatc,PBANKA_110720,0,0,0,0,0,0,0,0,0,0,0,0,0,0,0,0,0,0,0,0,0,0,0,1,0,0,0,0,0,0,0,0,0,0,0,0,0,0,0,0,0,0,0,0
accaaccatca,PBANKA_040170,5,1,24,17,0,0,0,0,5,1,1,0,0,0,5,0,2,0,1,1,1,0,0,0,0,0,2,0,4,2,1,0,1,0,0,0,0,0,0,0,0,0,0,0
accaaccgtca,PBANKA_050350,3474,3542,8432,8553,1578,1610,10,6,1737,1769,555,562,14,14,5909,6054,6173,6310,1107,1134,940,962,25,26,1,2,2181,2253,3262,3335,403,416,650,664,1,0,2,3,110,115,3,3,1,1
acccacttgct,PBANKA_103450,0,0,0,0,4,4,0,0,0,0,0,0,0,0,0,0,0,0,0,0,0,0,0,0,0,0,0,0,0,0,0,0,0,0,0,0,0,0,0,0,0,0,0,0
accctacttgc,PBANKA_130090,0,0,0,0,0,0,3,4,0,0,0,0,0,0,0,0,0,0,0,0,0,0,0,0,0,0,0,0,0,0,0,0,0,0,0,0,0,0,0,0,0,0,0,0
accgaggcggg,PBANKA_144280,0,0,13,14,0,0,0,0,0,0,0,0,0,0,0,0,0,0,0,0,0,0,0,0,0,0,0,0,0,0,0,0,0,0,0,0,0,0,0,0,0,0,0,0
accgcagtccc,PBANKA_092160,0,0,0,0,0,0,3,3,0,0,0,0,0,0,0,0,0,0,0,0,0,0,0,0,0,0,0,0,0,0,0,0,0,0,0,0,0,0,0,0,0,0,0,0
accgccatcca,PBANKA_031380,0,0,0,0,0,0,0,0,0,0,0,0,0,0,0,0,0,0,0,0,0,0,0,0,0,0,0,0,0,0,0,0,0,0,1,1,0,0,0,0,0,0,0,0
accgggtggtt,PBANKA_092500,0,0,75,71,0,0,0,0,0,0,0,0,0,0,0,0,0,0,0,0,0,0,0,0,0,0,0,0,0,0,0,0,0,0,0,0,0,0,0,0,0,0,0,0
acctcttccca,PBANKA_112220,2079,2120,2282,2309,2233,2273,3357,3419,112,116,101,103,81,85,116,119,135,136,44,44,30,31,156,162,156,165,59,62,27,28,0,0,0,0,158,156,256,261,1,1,1,0,1,1
acctggacgga,PBANKA_082320,0,0,24,23,0,0,0,0,0,0,0,0,0,0,0,0,0,0,0,0,0,0,0,0,0,0,0,0,0,0,0,0,0,0,0,0,0,0,0,0,0,0,0,0
accttatgacg,PBANKA_080590,0,0,0,0,0,0,0,0,17,17,22,22,0,0,0,0,1,1,0,0,0,0,0,0,0,0,2,2,0,0,0,0,2,2,0,0,0,0,2,2,1,1,0,0
acgaaaatatg,PBANKA_090410,0,0,0,0,5,5,9,10,0,0,0,0,0,0,0,0,0,0,0,0,0,0,0,0,0,0,0,0,0,0,0,0,0,0,0,0,0,0,0,0,0,0,0,0
acgatttgtta,PBANKA_050370,0,0,0,0,10,10,18,18,0,0,0,0,0,0,0,0,0,0,0,0,0,0,0,0,0,0,0,0,0,0,0,0,0,0,0,0,0,0,0,0,0,0,0,0
acgcaagcaca,PBANKA_083260,2882,2902,25,26,298,302,1398,1405,15,16,106,107,338,341,55,56,45,49,63,66,80,83,1132,1139,1068,1071,93,93,82,86,65,66,48,52,576,581,687,701,3,3,0,0,843,860
acgcgaacggc,PBANKA_070260,0,0,0,0,0,0,0,1,0,0,0,0,0,0,0,0,0,0,0,0,0,0,0,0,0,0,0,0,0,0,0,0,0,0,0,0,0,0,0,0,0,0,0,0
acgctccgacc,PBANKA_111630,0,0,7,8,0,0,0,0,0,0,0,0,0,0,0,0,0,0,0,0,0,0,0,0,0,0,0,0,0,0,0,0,0,0,0,0,0,0,0,0,0,0,0,0
acggagcctga,PBANKA_020640,0,0,0,0,0,0,2,2,0,0,0,0,0,0,0,0,0,0,0,0,0,0,0,0,0,0,0,0,0,0,0,0,0,0,0,0,0,0,0,0,0,0,0,0
acggagttcca,PBANKA_122030,0,0,0,0,0,0,0,0,0,0,0,0,0,0,0,0,0,0,0,0,0,0,0,0,0,0,0,0,1,1,0,0,0,0,2,2,0,0,0,0,0,0,0,0
acgggttcaac,PBANKA_113970,0,0,0,0,11,10,48,48,0,0,0,0,0,0,0,0,0,0,0,0,0,0,0,0,0,0,0,0,0,0,0,0,0,0,0,0,0,0,0,0,0,0,0,0
acgtaagacaa,PBANKA_134600,0,0,0,0,0,0,0,0,0,0,0,0,0,0,0,0,0,0,0,0,0,0,0,0,2,2,0,0,0,0,0,0,0,0,0,0,0,0,0,0,0,0,0,0
acgtatcaggg,PBANKA_082710,0,0,0,0,0,0,0,0,13,14,5,6,0,0,1,1,0,0,0,0,0,0,0,0,0,0,0,0,0,0,2,2,1,1,2,2,0,0,5,5,0,0,0,0
acgtgaactta,PBANKA_041850,0,0,0,0,0,0,8,8,0,0,0,0,0,0,0,0,0,0,0,0,0,0,0,0,0,0,0,0,0,0,0,0,0,0,0,0,0,0,0,0,0,0,0,0
acgtttgggaa,PBANKA_071020,0,0,0,0,6,6,4,4,0,0,0,0,0,0,0,0,0,0,0,0,0,0,0,0,0,0,0,0,0,0,0,0,0,0,0,0,0,0,0,0,0,0,0,0
actatcgccaa,PBANKA_144400,0,0,0,0,0,0,0,0,7,7,11,11,28,28,2,2,3,3,0,0,3,3,0,0,2,2,0,0,3,3,4,4,0,0,3,3,2,2,4,4,1,1,0,0
acttacggctg,PBANKA_132360,0,0,0,0,0,0,4,4,0,0,0,0,0,0,0,0,0,0,0,0,0,0,0,0,0,0,0,0,0,0,0,0,0,0,0,0,0,0,0,0,0,0,0,0
acttcaatatc,PBANKA_050690,0,0,0,0,0,0,0,0,0,0,0,0,0,0,0,0,0,0,0,0,0,0,0,0,0,0,0,0,3,3,0,0,0,0,0,0,1,1,0,0,0,0,0,0
acttccgtcat,PBANKA_101680,0,0,0,0,0,0,17,17,0,0,0,0,0,0,0,0,0,0,0,0,0,0,0,0,0,0,0,0,0,0,0,0,0,0,0,0,0,0,0,0,0,0,0,0
agacaatggac,PBANKA_123740,0,0,36,42,0,0,0,0,0,0,0,0,0,0,0,0,0,0,0,0,0,0,0,0,0,0,0,0,0,0,0,0,0,0,0,0,0,0,0,0,0,0,0,0
agaccaaaagt,PBANKA_123900,0,0,0,0,0,0,0,0,0,0,0,0,0,0,0,0,0,0,0,0,0,0,0,0,0,0,0,0,0,1,0,0,0,0,0,0,0,0,0,0,0,0,0,0
agaccgagaca,PBANKA_030510,0,0,0,0,0,0,0,0,28,27,0,0,0,0,1,1,0,0,0,0,0,0,0,0,0,0,3,3,0,0,2,2,0,0,0,0,0,0,0,0,0,0,1,1
agacttccagt,PBANKA_071300,0,0,0,1,1,0,0,0,0,0,0,0,0,0,0,0,1,0,0,0,0,0,0,0,1,0,0,1,0,0,0,0,0,0,0,0,2,0,0,1,1,0,0,0
agaggtcgata,PBANKA_141310,0,0,0,0,8,8,63,63,0,0,0,0,0,0,0,0,0,0,0,0,0,0,0,0,0,0,0,0,0,0,0,0,0,0,0,0,0,0,0,0,0,0,0,0
agagttttatg,PBANKA_131460,0,0,0,0,7,7,75,73,0,0,0,0,0,0,0,0,0,0,0,0,0,0,0,0,0,0,0,0,0,0,0,0,0,0,0,0,0,0,0,0,0,0,0,0
agatcaatacg,PBANKA_103340,0,0,20,17,16,16,96,98,0,0,0,0,0,0,0,0,0,0,0,0,0,0,0,0,0,0,0,0,0,0,0,0,0,0,0,0,0,0,0,0,0,0,0,0
agcaaagccac,PBANKA_130970,0,0,0,0,0,0,4,4,0,0,0,0,0,0,0,0,0,0,0,0,0,0,0,0,0,0,0,0,0,0,0,0,0,0,0,0,0,0,0,0,0,0,0,0
agcaccctggt,PBANKA_140670,0,0,0,0,0,0,3,3,0,0,0,0,0,0,0,0,0,0,0,0,0,0,0,0,0,0,0,0,0,0,0,0,0,0,0,0,0,0,0,0,0,0,0,0
agcacgtgcaa,PBANKA_110350,0,0,0,0,0,0,3,3,0,0,0,0,0,0,0,0,0,0,0,0,0,0,0,0,0,0,0,0,0,0,0,0,0,0,0,0,0,0,0,0,0,0,0,0
agcagtgcctt,PBANKA_040410,0,0,18,19,0,0,0,0,0,0,0,0,0,0,0,0,0,0,0,0,0,0,0,0,0,0,0,0,0,0,0,0,0,0,1,2,0,0,0,0,0,0,0,0
agcccactttt,PBANKA_051220,0,0,0,0,4,4,14,14,0,0,0,0,0,0,0,0,0,0,0,0,0,0,0,0,0,0,0,0,0,0,0,0,0,0,0,0,0,0,0,0,0,0,0,0
agcccgttgta,PBANKA_123730,0,0,0,0,0,0,7,7,0,0,0,0,0,0,0,0,0,0,0,0,0,0,0,0,0,0,0,0,0,0,0,0,0,0,0,0,0,0,0,0,0,0,0,0
agccgtatgac,PBANKA_010730,2046,2080,67,67,130,127,39,38,17,18,14,14,25,25,0,0,0,0,2,1,1,1,4,3,0,0,0,0,0,0,0,0,0,0,0,0,0,0,1,1,0,0,0,0
agcgacgtagc,PBANKA_090850,0,0,37,37,0,0,0,0,0,0,0,0,0,0,0,0,0,0,0,0,0,0,0,0,0,0,0,0,0,0,0,0,0,0,0,0,0,0,0,0,0,0,0,0
agctactaagg,PBANKA_070660,0,0,0,0,0,0,12,12,0,0,0,0,0,0,0,0,0,0,0,0,0,0,0,0,0,0,0,0,0,0,0,0,0,0,0,0,0,0,0,0,0,0,0,0
aggagtatact,PBANKA_145070,1848,1850,855,848,962,968,2708,2684,54,54,34,35,41,42,50,51,30,30,1,1,0,0,1,0,1,1,1,0,0,0,1,1,1,1,0,0,2,2,1,1,0,0,1,0
aggctaatcaa,PBANKA_093250,2489,2509,0,0,0,0,0,0,0,0,1,0,0,0,0,0,1,0,0,0,1,1,0,0,0,0,1,1,1,1,1,0,0,0,1,1,3,4,1,1,0,0,0,0
aggggatggtc,PBANKA_146060,0,0,0,0,0,0,0,0,0,0,0,0,9,8,0,0,0,0,0,0,0,0,0,0,3,3,0,0,5,6,1,1,0,0,0,0,2,2,0,0,0,0,0,0
aggggcaccga,PBANKA_080940,0,0,0,0,0,0,0,0,0,0,0,0,0,0,0,0,0,0,0,0,0,0,1,1,0,0,0,0,0,0,0,0,0,0,0,0,0,0,0,0,0,0,0,0
aggggtgttgt,PBANKA_010510,0,0,0,0,0,0,1,1,0,0,0,0,0,0,0,0,0,0,0,0,0,0,0,0,0,0,0,0,0,0,0,0,0,0,0,0,0,0,0,0,0,0,0,0
agggttcctat,PBANKA_051500,1051,1045,76880,76336,59384,59087,79261,78247,14305,14315,13764,13770,14274,14296,31391,31481,21252,21224,23187,23095,16391,16342,30878,30685,29696,29683,29198,29080,17008,17017,13729,13689,15858,15837,31024,31029,31116,31160,33762,33794,14403,14419,22218,22199
aggtccttgtt,PBANKA_091250,0,0,0,0,0,0,3,3,0,0,0,0,0,0,0,0,0,0,0,0,0,0,0,0,0,0,0,0,0,0,0,0,0,0,0,0,0,0,0,0,0,0,0,0
aggtcgtcctc,PBANKA_131970,0,0,0,0,7,7,25,24,0,0,0,0,0,0,0,0,0,0,0,0,0,0,0,0,0,0,0,0,0,0,0,0,0,0,0,0,0,0,0,0,0,0,0,0
agtaagccttc,PBANKA_110420,1352,1370,4854,4917,10782,10923,15039,15132,473,476,958,983,998,1007,102,106,127,128,194,204,125,129,294,299,299,305,62,63,53,56,264,271,366,379,307,310,303,310,6,4,0,0,97,98
agtactactct,PBANKA_130400,0,0,0,0,3,3,0,0,0,0,0,0,0,0,0,0,0,0,0,0,0,0,0,0,0,0,0,0,0,0,0,0,0,0,0,0,0,0,0,0,0,0,0,0
agtagttactt,PBANKA_041065,0,0,0,0,1,1,0,0,0,0,0,0,0,0,0,0,0,0,0,0,0,0,0,0,0,0,0,0,0,0,0,0,0,0,0,0,0,0,0,0,0,0,0,0
agtgcgtacgc,PBANKA_020460,0,0,0,0,10,11,12,12,0,0,0,0,0,0,0,0,0,0,0,0,0,0,0,0,0,0,0,0,0,0,0,0,0,0,0,0,0,0,0,0,0,0,0,0
agtgggtagtg,PBANKA_102970,0,0,0,0,0,0,0,0,0,0,1,1,0,0,0,0,0,0,0,0,0,0,0,0,0,0,0,0,0,0,0,0,0,0,0,0,0,0,0,0,0,0,0,0
agttttttagc,PBANKA_011250,0,0,0,0,0,0,0,0,7,7,0,0,0,0,0,0,0,0,0,0,0,0,6,6,0,0,1,1,2,2,0,0,0,0,1,1,0,0,0,0,7,7,0,0
ataaccgggtg,PBANKA_135740,1044,1044,174,174,185,180,217,216,0,0,1,1,0,0,1,0,0,0,0,0,0,0,0,0,0,0,1,0,0,0,0,0,0,0,0,0,0,0,3,3,0,0,0,0
atacagacaga,PBANKA_041630,0,0,0,0,0,0,6,6,0,0,0,0,0,0,0,0,0,0,0,0,0,0,0,0,0,0,0,0,0,0,0,0,0,0,0,0,0,0,0,0,0,0,0,0
atactaaaaaa,PBANKA_133860,0,0,0,0,0,0,1,0,0,0,0,0,0,0,0,0,0,0,0,1,0,0,0,0,0,0,0,0,0,0,0,0,0,0,0,0,0,0,0,0,0,0,0,0
atagatcgttt,PBANKA_083300,0,0,0,0,0,0,8,8,0,0,0,0,0,0,0,0,0,0,0,0,0,0,0,0,0,0,0,0,0,0,0,0,0,0,0,0,0,0,0,0,0,0,0,0
atagcctaata,PBANKA_040430,0,0,0,0,0,0,0,0,0,0,0,0,0,0,0,0,2,2,0,0,0,0,0,0,0,0,0,0,5,5,2,1,0,0,0,0,0,0,0,0,0,0,2,2
ataggagtaag,PBANKA_030580,1347,1334,542,535,998,985,595,587,66,69,112,111,25,25,4,4,6,6,127,125,61,60,1,1,1,1,8,7,4,4,2,2,4,4,5,5,7,8,0,0,0,0,0,0
atatgtgtcct,PBANKA_123110,0,0,59,57,1,1,29,29,0,0,0,0,0,0,0,0,0,0,0,0,0,0,0,0,0,0,0,0,0,0,0,0,0,0,0,0,0,0,0,0,0,0,0,0
atattaagtaa,PBANKA_131630,1013,1031,6729,6775,3794,3860,5394,5450,211,220,58,61,138,141,0,0,0,0,1,1,1,0,2,3,2,2,1,0,0,0,0,0,1,0,0,0,3,3,0,0,0,0,0,0
atcacgtgtct,PBANKA_132210,4086,4110,13873,13850,12406,12348,19999,19824,2414,2418,3057,3085,3650,3680,6745,6754,6030,6084,6888,6914,5521,5529,11332,11336,11104,11200,5495,5491,7607,7646,5147,5141,8377,8417,9763,9814,11428,11517,3364,3374,1076,1075,6147,6173
atcaggtacca,PBANKA_112190,0,0,0,0,0,0,0,0,0,0,0,0,0,0,0,0,2,3,0,0,0,0,0,0,0,0,0,0,1,1,0,0,0,0,0,0,0,0,0,0,0,0,0,0
atcagtaaggg,PBANKA_114130,0,0,0,0,0,0,0,0,26,27,4,5,0,0,1,1,0,0,0,0,1,1,2,2,0,0,1,1,0,0,0,0,2,2,1,1,0,0,1,1,8,8,0,0
atccatgtcgg,PBANKA_101240,0,0,0,0,0,0,2,2,0,0,0,0,0,0,0,0,0,0,0,0,0,0,0,0,0,0,0,0,0,0,0,0,0,0,0,0,0,0,0,0,0,0,0,0
atccgaaaatc,PBANKA_100180,0,0,0,0,0,0,0,1,0,0,0,0,0,0,0,0,0,0,0,0,1,0,0,0,0,0,0,0,0,0,0,0,0,0,0,0,0,0,0,0,0,0,0,0
atctagactgc,PBANKA_060100,0,0,0,0,3,3,4,4,0,0,0,0,0,0,0,0,0,0,0,0,0,0,0,0,0,0,0,0,0,0,0,0,0,0,0,0,0,0,0,0,0,0,0,0
atctcaaagtg,PBANKA_082450,3255,3237,16731,16579,19752,19518,32212,31792,712,717,1390,1371,1695,1699,82,81,65,67,122,119,115,114,366,364,331,328,133,127,122,120,118,116,168,170,217,216,288,281,0,0,1,0,102,99
atgaggttaaa,PBANKA_111200,0,0,0,0,0,0,1,1,0,0,0,0,0,0,0,0,0,0,0,0,0,0,0,0,0,0,0,0,0,0,0,0,0,0,0,0,0,0,0,0,0,0,0,0
atgattttacg,PBANKA_031160,0,0,0,0,0,0,8,8,0,0,0,0,0,0,0,0,0,0,0,0,0,0,0,0,0,0,0,0,0,0,0,0,0,0,0,0,0,0,0,0,0,0,0,0
atgccggaact,PBANKA_142030,0,0,0,0,0,0,0,1,0,0,0,0,0,0,0,0,0,0,0,0,0,0,0,0,0,0,0,0,0,0,0,0,0,0,0,0,0,0,0,0,0,0,0,0
atgctatgggc,PBANKA_112360,0,0,0,0,2,2,5,5,0,0,0,0,0,0,0,0,0,0,0,0,0,0,0,0,0,0,0,0,0,0,0,0,0,0,0,0,0,0,0,0,0,0,0,0
atgtctgccta,PBANKA_050170,0,0,0,0,5,5,0,0,0,0,0,0,0,0,0,0,0,0,0,0,0,0,0,0,0,0,0,0,0,0,0,0,0,0,0,0,0,0,0,0,0,0,0,0
atgtgaagggg,PBANKA_071200,0,0,0,0,6,6,10,10,0,0,0,0,0,0,0,0,0,0,0,0,0,0,0,0,0,0,0,0,0,0,0,0,0,0,0,0,0,0,0,0,0,0,0,0
atgttgatcac,PBANKA_060390,0,0,0,0,0,0,3,3,0,0,0,0,0,0,0,0,0,0,0,0,0,0,0,0,0,0,0,0,0,0,0,0,0,0,0,0,0,0,0,0,0,0,0,0
attacttgagc,PBANKA_143190,0,0,74,73,0,0,0,0,0,0,0,0,0,0,0,0,0,0,0,0,0,0,0,0,0,0,0,0,0,0,0,0,0,0,0,0,0,0,0,0,0,0,0,0
attatggttgc,PBANKA_041030,1892,1895,1,1,2,2,4,3,0,0,0,0,0,0,0,0,0,0,0,0,0,0,1,1,0,0,0,0,0,0,0,0,0,0,0,0,0,0,0,0,0,0,0,0
attattttgat,PBANKA_010530,0,0,0,0,0,0,5,5,0,0,0,0,0,0,0,0,0,0,0,0,0,0,0,0,0,0,0,0,0,0,0,0,0,0,0,0,0,0,0,0,0,0,0,0
attcattatta,PBANKA_041770,0,0,15,15,0,0,0,0,0,0,0,0,0,0,0,0,0,0,0,0,0,0,0,0,0,0,0,0,0,0,0,0,0,0,0,0,0,0,0,0,0,0,0,0
attcgggttaa,PBANKA_080650,0,0,0,0,10,10,0,0,0,0,0,0,0,0,0,0,0,0,0,0,0,0,0,0,0,0,0,0,0,0,0,0,0,0,0,0,0,0,0,0,0,0,0,0
attctccccga,PBANKA_083040,0,0,0,0,8,9,27,27,0,0,0,0,0,0,0,0,0,0,0,0,0,0,0,0,0,0,0,0,0,0,0,0,0,0,0,0,0,0,0,0,0,0,0,0
attcttgctgc,PBANKA_021180,0,0,0,0,0,0,3,3,0,0,0,0,0,0,0,0,0,0,0,0,0,0,0,0,0,0,0,0,0,0,0,0,0,0,0,0,0,0,0,0,0,0,0,0
atttaattgaa,PBANKA_141110,0,0,0,0,0,0,5,5,0,0,0,0,0,0,0,0,0,0,0,0,0,0,0,0,0,0,0,0,0,0,0,0,0,0,0,0,0,0,0,0,0,0,0,0
caaactacgca,PBANKA_070120,0,0,36,35,0,0,0,0,0,0,0,0,0,0,0,0,0,0,0,0,0,0,0,0,0,0,0,0,0,0,0,0,0,0,0,0,0,0,0,0,0,0,0,0
caaagaccgcc,PBANKA_081760,0,0,0,0,0,0,0,0,0,0,0,0,0,0,0,0,2,2,0,0,1,1,0,0,0,0,0,0,2,2,0,0,2,2,1,1,1,1,0,0,0,0,0,0
caaagatgcgt,PBANKA_020040,0,0,1,0,0,0,0,0,0,0,0,0,0,0,0,0,0,0,0,0,0,0,0,0,0,0,0,0,0,0,0,0,0,0,0,0,0,0,0,0,0,0,0,0
caaatatgcaa,PBANKA_052240,2054,2165,25083,26355,17100,17947,9443,9903,2918,3058,2741,2892,685,717,3167,3333,2176,2284,3224,3425,2121,2210,952,1027,922,980,3958,4141,1327,1396,2539,2671,2407,2550,829,873,1029,1095,4,5,5,4,3,3
caaccccccgg,PBANKA_124070,0,0,0,0,7,7,0,0,0,0,0,0,0,0,0,0,0,0,0,0,0,0,0,0,0,0,0,0,0,0,0,0,0,0,0,0,0,0,0,0,0,0,0,0
caacgtcaatc,PBANKA_092510,0,0,0,0,0,1,0,0,0,0,0,0,0,0,0,0,0,0,0,0,0,0,0,0,0,0,0,0,0,0,0,0,0,0,0,0,0,0,0,0,0,0,0,0
caacttcgcaa,PBANKA_082110,0,0,0,0,0,0,0,1,0,0,0,0,0,0,0,0,0,0,0,0,0,0,0,0,0,0,0,0,0,0,0,0,0,0,0,0,0,0,0,0,0,0,0,0
caagagtgcct,PBANKA_030670,0,0,0,0,0,0,11,11,0,0,0,0,0,0,0,0,0,0,0,0,0,0,0,0,0,0,0,0,0,0,0,0,0,0,0,0,0,0,0,0,0,0,0,0
caaggcaatgt,PBANKA_083180,0,0,0,0,0,0,10,10,0,0,0,0,0,0,0,0,0,0,0,0,0,0,1,0,0,0,0,0,0,0,0,0,0,0,0,0,0,0,0,0,0,0,0,0
caagggcaggg,PBANKA_060440,0,0,110,108,0,0,0,0,0,0,0,0,0,0,0,0,0,0,0,0,0,0,0,0,0,0,0,0,0,0,1,1,0,0,1,1,0,0,0,0,0,0,0,0
caagtaggttc,PBANKA_100980,0,0,0,0,0,0,4,4,0,0,0,0,0,0,0,0,0,0,0,0,0,0,0,0,0,0,0,0,0,0,0,0,0,0,0,0,0,0,0,0,0,0,0,0
caatacgtcag,PBANKA_090600,0,0,0,0,2,3,7,7,0,0,0,0,0,0,0,0,0,0,0,0,0,0,0,0,0,0,0,0,0,0,0,0,0,0,0,0,0,0,0,0,0,0,0,0
cacaactagac,PBANKA_040840,0,0,0,0,0,0,5,9,0,0,0,0,0,0,0,0,0,0,0,0,0,0,0,0,0,0,0,0,0,0,0,0,0,0,0,0,0,0,0,0,0,0,0,0
cacaagaggga,PBANKA_101750,0,0,0,0,0,0,0,0,4,4,7,6,0,0,0,0,6,6,0,0,0,0,0,0,1,1,0,0,1,1,0,0,3,3,2,2,0,0,0,0,0,0,0,0
cacagagatct,PBANKA_112140,0,0,0,0,0,0,0,0,0,0,0,0,0,0,0,0,0,0,0,0,0,0,0,0,0,0,0,0,0,0,0,0,0,0,5,5,0,0,0,0,0,0,0,0
caccaaagtcc,PBANKA_104010,0,0,0,0,0,0,10,10,0,0,0,0,0,0,0,0,0,0,0,0,0,0,0,0,0,0,0,0,0,0,0,0,0,0,0,0,0,0,0,0,0,0,0,0
caccacctcat,PBANKA_144000,0,0,0,0,0,0,14,15,0,0,0,0,0,0,0,0,0,0,0,0,0,0,0,0,0,0,0,0,0,0,0,0,0,0,0,0,0,0,0,0,0,0,0,0
caccgtgtagg,PBANKA_132690,0,0,0,0,0,0,0,1,0,0,0,0,0,0,0,0,0,0,0,0,0,0,0,0,0,0,0,0,0,0,0,0,0,0,0,0,0,0,0,0,0,0,0,0
cacgtcagtat,PBANKA_071760,3327,3331,6682,6669,15599,15557,11689,11531,47,46,179,180,4,4,0,0,0,0,6,6,3,2,2,2,2,1,0,0,2,1,1,0,1,0,0,0,1,0,4,2,0,0,2,1
cagacgctgaa,PBANKA_040280,0,0,0,0,2,2,0,0,0,0,0,0,13,13,2,2,1,1,0,0,1,1,1,1,0,0,0,0,0,0,0,0,0,0,0,0,0,0,0,0,0,0,0,0
cagcaagtcgt,PBANKA_103520,0,0,0,0,0,0,18,18,0,0,0,0,0,0,0,0,0,0,0,0,0,0,0,0,0,0,0,0,0,0,0,0,0,0,0,0,0,0,0,0,0,0,0,0
cagcatctgta,PBANKA_120640,5045,5076,22990,22978,15596,15611,24184,24073,542,548,415,421,250,252,18,16,13,13,38,41,16,16,5,4,5,4,15,15,23,22,28,26,33,36,43,41,44,43,7,6,2,0,2,0
cagcattggta,PBANKA_114640,0,0,0,0,0,1,0,0,0,0,0,0,0,0,0,0,0,0,0,0,0,0,0,0,0,0,0,0,0,0,0,0,0,0,0,0,0,0,0,0,0,0,0,0
cagcccctgta,PBANKA_111950,0,0,1,1,0,0,0,0,0,0,0,0,0,0,0,0,0,0,0,0,0,0,0,0,0,0,0,0,0,0,0,0,0,0,0,0,0,0,0,0,0,0,0,0
cagcgtgatgt,PBANKA_010110,0,0,0,0,0,0,0,0,0,0,8,8,23,23,0,0,0,0,0,0,0,0,0,0,0,0,0,0,0,0,0,0,0,0,0,0,0,0,0,0,0,0,0,0
caggaggagga,PBANKA_114150,0,0,0,0,1,1,0,0,0,0,0,0,0,0,0,0,0,0,0,0,0,0,0,0,0,0,0,0,0,0,0,0,0,0,0,0,0,0,0,0,0,0,0,0
cagttctgatt,PBANKA_140170,0,0,0,0,0,0,0,0,0,0,0,0,0,0,0,0,0,0,0,0,0,0,1,1,4,4,0,0,0,0,0,0,0,0,0,0,0,0,0,0,0,0,0,0
cataagcattc,PBANKA_080090,0,0,0,0,0,0,1,0,0,0,0,0,0,0,0,0,0,0,0,0,0,0,0,0,0,0,0,0,0,0,0,0,0,0,0,0,0,0,0,0,0,0,0,0
catagtgagcg,PBANKA_110840,5489,5479,2021,2004,2645,2605,5768,5703,0,1,229,225,1,1,1,0,1,1,276,273,243,241,3,2,0,0,1,0,1,1,327,332,433,436,1,0,2,0,1,1,599,598,1,1
catatcagcgt,PBANKA_110690,0,0,0,0,0,0,8,9,0,0,0,0,0,0,0,0,0,0,0,0,0,0,0,0,0,0,0,0,0,0,0,0,0,0,0,0,0,0,0,0,0,0,0,0
catcatctcga,PBANKA_021020,0,0,0,0,0,0,8,8,0,0,0,0,0,0,0,0,0,0,0,0,0,0,0,0,0,0,0,0,0,0,0,0,0,0,0,0,0,0,0,0,0,0,0,0
catccgaggcc,PBANKA_092090,4905,4946,1101,1102,4561,4575,1384,1383,88,91,365,377,79,78,100,99,118,117,330,325,300,303,62,65,54,53,104,102,80,84,393,398,523,528,105,108,111,112,2,3,157,165,87,87
catcgcggaga,PBANKA_102410,0,0,0,0,0,0,2,2,0,0,0,0,0,0,0,0,0,0,0,0,0,0,0,0,0,0,0,0,0,0,0,0,0,0,0,0,1,1,0,0,0,0,0,0
catggatgggc,PBANKA_113980,0,0,0,0,58,59,79,79,0,0,0,0,0,0,0,0,0,0,0,0,0,0,0,0,0,0,0,0,0,0,0,0,0,0,0,0,0,0,0,0,0,0,0,0
catgtttggtc,PBANKA_121970,0,0,90,91,0,0,0,0,0,0,0,0,0,0,0,0,0,0,0,0,0,0,0,0,0,0,0,0,0,0,0,0,0,0,1,1,0,0,0,0,0,0,0,0
cattgaacgat,PBANKA_100640,0,0,42,40,3,3,35,35,0,0,0,0,0,0,0,0,0,0,0,0,0,0,0,0,0,0,0,0,0,0,0,0,0,0,0,0,0,0,0,0,0,0,0,0
cattgcagtcc,PBANKA_111530,0,0,0,0,3,3,2,2,0,0,0,0,0,0,0,0,0,0,0,0,0,0,0,0,0,0,0,0,0,0,0,0,0,0,0,0,0,0,0,0,0,0,0,0
cattgctttag,PBANKA_134800,0,0,44,44,6,6,17,17,0,0,0,0,0,0,0,0,0,0,0,0,0,0,0,0,0,0,0,0,0,0,0,0,0,0,0,0,0,0,0,0,0,0,0,0
cattgtaaaag,PBANKA_103620,1056,1055,465,459,559,554,907,897,0,0,0,0,0,0,0,0,1,1,0,0,0,0,0,0,0,0,0,0,0,0,0,0,0,1,0,0,0,0,2,2,0,0,0,0
ccaacgtcctc,PBANKA_082490,0,0,0,0,0,0,0,0,0,0,0,0,0,0,0,0,0,0,0,0,0,0,0,0,0,0,0,0,0,0,2,2,1,1,0,0,0,0,0,0,0,0,0,0
ccaagcccggc,PBANKA_134620,0,0,0,0,0,0,7,7,0,0,0,0,0,0,0,0,0,0,0,0,0,0,0,0,0,0,0,0,0,0,0,0,0,0,0,0,0,0,0,0,0,0,0,0
ccaagcgaggc,PBANKA_030500,0,0,0,0,0,0,0,0,0,0,0,0,0,0,0,0,0,0,0,0,0,0,0,0,0,0,0,0,10,11,0,0,2,2,0,0,0,0,0,0,0,0,0,0
ccaatcctcgg,PBANKA_061230,0,0,0,0,0,0,1,1,0,0,0,0,0,0,0,0,0,0,0,0,0,0,0,0,0,0,0,0,0,0,0,0,0,0,0,0,0,0,0,0,0,0,0,0
ccaatgggccg,PBANKA_124370,0,0,0,0,5,5,0,0,0,0,0,0,0,0,0,0,0,0,0,0,0,0,0,0,0,0,0,0,0,0,0,0,0,0,0,0,0,0,0,0,0,0,0,0
ccacttcctat,PBANKA_132450,0,0,0,0,0,0,1,0,0,0,0,0,0,0,0,0,0,0,0,0,0,0,0,0,0,0,0,0,0,0,0,0,0,0,0,0,0,0,0,0,0,0,0,0
ccagaactacc,PBANKA_082460,0,0,0,0,11,11,17,19,0,0,0,0,0,0,0,0,0,0,0,0,0,0,0,0,0,0,0,0,0,0,0,0,0,0,0,0,0,0,0,0,0,0,0,0
ccagtgtccat,PBANKA_124100,0,0,0,0,0,0,1,1,0,0,0,0,0,0,0,0,0,0,0,0,0,0,0,0,0,0,0,0,0,0,0,0,0,0,0,0,0,0,0,0,0,0,0,0
ccatcgaaata,PBANKA_142310,0,0,0,0,0,0,0,0,0,0,0,0,0,0,1,1,2,2,0,0,0,0,0,0,0,0,0,0,7,7,0,0,1,1,0,0,0,0,0,0,0,0,0,0
ccatcgtggcc,PBANKA_031590,0,0,20,20,0,0,0,0,0,0,0,0,0,0,0,0,0,0,1,1,0,0,0,0,0,0,0,0,0,0,0,0,0,0,2,2,0,0,0,0,0,0,0,0
ccatggctccc,PBANKA_101710,0,0,30,29,0,0,0,0,0,0,0,0,0,0,0,0,0,0,0,0,0,0,0,0,0,0,0,0,0,0,0,0,0,0,0,0,0,0,0,0,0,0,0,0
ccattttccat,PBANKA_052320,0,0,19,21,0,0,0,0,0,0,0,0,0,0,0,0,0,0,0,0,0,0,0,0,0,0,0,0,0,0,0,0,0,0,0,0,0,0,0,0,0,0,0,0
cccaccatgct,PBANKA_143080,0,0,0,0,0,0,0,0,11,11,10,10,16,16,0,0,7,7,0,0,1,1,1,1,0,0,5,5,5,5,1,1,2,2,2,2,0,0,0,0,0,0,4,4
cccaggaaatc,PBANKA_136040,0,0,82,84,13,13,14,14,0,0,0,0,0,0,0,0,0,0,0,0,0,0,0,0,0,0,0,0,0,0,0,0,0,0,1,1,0,0,0,0,0,0,0,0
cccccgctagt,PBANKA_145860,0,0,0,0,4,4,0,0,0,0,0,0,0,0,0,0,0,0,0,0,0,0,0,0,0,0,0,0,0,0,0,0,0,0,0,0,0,0,0,0,0,0,0,0
cccctctggtt,PBANKA_122200,0,0,14,14,1,0,6,6,0,0,0,0,0,0,0,0,0,0,0,0,0,0,0,0,0,0,0,0,0,0,0,0,0,0,0,0,0,0,0,0,0,0,0,0
ccccttcttaa,PBANKA_070100,0,0,0,0,0,0,0,0,0,0,6,6,0,0,0,0,1,1,0,0,0,0,0,0,0,0,0,0,0,0,0,0,0,0,0,0,0,0,0,0,0,0,0,0
cccgttgcgca,PBANKA_123280,0,0,0,0,4,4,0,0,0,0,0,0,0,0,0,0,0,0,0,0,0,0,0,0,0,0,0,0,0,0,0,0,0,0,0,0,0,0,0,0,0,0,0,0
ccctcaaatac,PBANKA_135960,0,0,0,0,0,0,0,0,0,0,0,0,0,0,0,0,0,0,0,0,0,0,0,0,0,0,0,0,0,0,0,0,0,0,0,0,0,1,0,0,4,5,0,0
ccctcgggtgc,PBANKA_110490,0,0,0,0,0,0,0,0,0,0,0,0,0,0,0,0,0,0,0,0,0,0,0,0,0,0,0,0,0,0,0,0,1,1,0,0,0,0,0,0,10,10,0,0
ccgaagatccg,PBANKA_135750,0,0,28,27,0,0,0,0,0,0,0,0,0,0,0,0,0,0,0,0,0,0,0,0,0,0,0,0,0,0,0,0,0,0,0,0,0,0,0,0,0,0,0,0
ccgacgcaatt,PBANKA_142090,0,0,0,0,0,0,5,5,0,0,0,0,0,0,0,0,0,0,0,0,0,0,0,0,0,0,0,0,0,0,0,0,0,0,0,0,0,0,0,0,0,0,0,0
ccgagggcacc,PBANKA_090270,0,0,0,0,0,0,2,2,0,0,0,0,0,0,0,0,0,0,0,0,0,0,0,0,0,0,0,0,0,0,0,0,0,0,0,0,0,0,0,0,0,0,0,0
ccgagtttacg,PBANKA_144100,0,0,0,0,0,0,0,0,0,0,0,0,9,9,0,0,0,0,0,0,0,0,0,0,0,0,0,0,0,0,0,0,0,0,0,0,0,0,0,0,0,0,0,0
ccgatgtgcac,PBANKA_040170,0,0,0,0,0,0,4,4,0,0,0,0,0,0,0,0,0,0,0,0,0,0,0,0,0,0,0,0,0,0,0,0,0,0,0,0,0,0,0,0,0,0,0,0
ccgattggcga,PBANKA_092770,0,0,0,0,0,0,3,3,0,0,0,0,0,0,0,0,0,0,0,0,0,0,0,0,0,0,0,0,0,0,0,0,0,0,0,0,0,0,0,0,0,0,0,0
ccgcatgtggg,PBANKA_135940,0,0,0,0,0,0,0,0,0,0,0,0,0,0,0,0,0,0,0,0,0,0,0,0,0,0,0,0,0,0,0,0,0,0,0,0,1,0,0,0,0,0,0,0
ccgcttcatgc,PBANKA_143660,0,0,1,0,0,0,0,0,0,0,0,0,0,0,0,0,0,0,0,0,0,0,0,0,0,0,0,0,0,0,0,0,0,0,0,0,0,0,0,0,0,0,0,0
ccggactacca,PBANKA_072150,0,0,0,0,0,0,5,5,0,0,0,0,0,0,0,0,0,0,0,0,0,0,0,0,0,0,0,0,0,0,0,0,0,0,0,0,0,0,0,0,0,0,0,0
ccggctggagg,PBANKA_121770,0,0,37,36,0,0,0,0,0,0,0,0,0,0,0,0,0,0,0,0,0,0,0,0,0,0,0,0,0,0,0,0,0,0,0,0,0,0,0,0,0,0,0,0
ccggcttcctc,PBANKA_091660,2,3,0,0,0,0,0,0,0,0,0,0,0,0,0,0,0,0,0,0,0,0,0,0,0,0,0,0,0,0,0,0,0,0,0,0,0,0,0,0,0,0,0,0
ccggtcactat,PBANKA_071470,0,0,0,0,0,0,0,0,0,0,0,0,0,0,0,0,0,0,0,0,0,0,0,0,0,0,0,0,0,0,0,0,2,2,0,0,0,0,0,0,0,0,0,0
ccgtgatcgga,PBANKA_120220,0,0,0,0,0,0,3,3,0,0,0,0,0,0,0,0,0,0,0,0,0,0,0,0,0,0,0,0,0,0,0,0,0,0,0,0,0,0,0,0,0,0,0,0
cctaatttgct,PBANKA_135890,0,0,0,0,0,0,4,4,0,0,0,0,0,0,0,0,0,0,0,0,0,0,0,0,0,0,0,0,0,0,0,0,0,0,0,0,0,0,0,0,0,0,0,0
cctatcacagc,PBANKA_041830,0,0,0,0,0,0,4,3,0,0,0,0,0,0,0,0,0,0,0,0,0,0,0,0,0,0,0,0,0,0,0,0,0,0,0,0,0,0,0,0,0,0,0,0
cctcaattaga,PBANKA_052150,0,0,0,0,0,0,0,0,0,0,0,0,0,0,0,0,0,0,1,0,0,0,0,0,0,0,0,0,0,0,0,0,0,0,0,0,0,0,0,0,0,0,0,0
cctcgccggca,PBANKA_101840,0,0,0,0,0,0,0,0,0,0,0,0,0,0,0,0,0,0,0,0,0,0,1,1,0,0,0,0,0,0,0,0,3,3,0,0,0,0,0,0,9,8,0,0
ccttctaggac,PBANKA_070270,0,0,0,0,0,0,0,0,0,0,0,0,0,0,0,0,0,0,0,0,1,1,0,0,0,0,0,0,0,0,0,0,0,0,0,0,0,0,0,0,0,0,0,0
cctttccctta,PBANKA_031580,0,0,0,0,2,2,0,0,0,0,0,0,0,0,0,0,0,0,0,0,0,0,0,0,0,0,0,0,0,0,0,0,0,0,0,0,0,0,0,0,0,0,0,0
cctttcttgtc,PBANKA_082640,0,0,15,16,1,1,20,21,0,0,0,0,0,0,0,0,0,0,0,0,0,0,0,0,0,0,0,0,0,0,0,0,0,0,0,0,0,0,0,0,0,0,0,0
cctttttctcc,PBANKA_120160,1215,1239,1,1,32,33,50,51,0,0,0,0,0,0,0,0,0,0,1,1,0,0,0,0,0,0,0,0,0,0,0,0,0,0,0,0,0,0,1,1,1,1,0,0
cgaacccggcg,PBANKA_010590,3369,3374,1054,1041,19836,19817,7428,7391,291,292,4558,4632,1458,1477,562,560,409,415,6163,6209,7452,7533,3395,3397,3372,3406,252,249,249,256,4644,4635,7288,7331,3323,3356,3663,3725,5,5,8,8,33,35
cgaagttcgtc,PBANKA_082380,0,0,0,0,0,0,4,5,0,0,0,0,0,0,0,0,0,0,0,0,0,0,0,0,0,0,0,0,0,0,1,1,0,0,0,0,0,0,0,0,0,0,0,0
cgacaagttcc,PBANKA_092790,0,0,0,0,4,4,0,0,0,0,0,0,0,0,0,0,0,0,0,0,0,0,0,0,0,0,0,0,0,0,0,0,0,0,0,0,0,0,0,0,0,0,0,0
cgacgacgacg,PBANKA_061810,0,0,0,1,0,0,0,0,0,0,0,0,0,0,0,0,0,0,0,0,0,0,0,0,0,0,0,0,0,0,0,0,0,0,0,0,0,0,0,0,0,0,0,0
cgacgtcatga,PBANKA_082650,0,0,0,0,0,0,5,5,0,0,0,0,0,0,0,0,0,0,0,0,0,0,0,0,0,0,0,0,0,0,0,0,0,0,0,0,0,0,0,0,0,0,0,0
cgacttttcat,PBANKA_141330,0,0,38,37,6,6,16,16,0,0,0,0,0,0,0,0,0,0,0,0,0,0,0,0,0,0,0,0,0,0,0,0,0,0,0,0,0,0,0,0,0,0,0,0
cgagagataca,PBANKA_083110,0,0,0,0,0,0,0,0,0,0,0,0,0,0,0,0,0,0,0,0,0,0,0,0,0,0,0,0,0,0,0,0,1,1,0,0,0,0,4,4,0,0,0,0
cgagccttgaa,PBANKA_081600,0,0,0,0,0,0,0,0,0,0,0,0,5,5,0,0,0,0,0,0,0,0,0,0,0,0,0,0,0,0,0,0,0,0,1,1,0,0,0,0,1,1,0,0
cgaggcttatt,PBANKA_061800,2403,2422,645,629,1389,1376,871,855,0,0,110,105,14,14,0,0,0,0,107,110,82,82,15,15,16,16,0,0,0,0,56,57,56,54,0,0,1,1,0,0,0,0,1,0
cgagtgcctgc,PBANKA_134970,0,0,28,27,0,0,0,0,0,0,0,0,0,0,0,0,0,0,0,0,0,0,0,0,0,0,0,0,0,0,0,0,0,0,0,0,0,0,0,0,0,0,0,0
cgagttagggg,PBANKA_030840,1963,1970,277,275,411,398,438,421,1,0,0,0,0,0,0,0,0,0,1,1,0,0,2,2,2,2,0,0,0,0,0,0,0,0,0,0,1,0,0,0,1,0,0,0
cgattgtatat,PBANKA_111080,0,0,0,0,0,0,0,0,0,0,0,0,0,0,0,0,0,0,0,0,0,0,0,0,0,0,0,0,1,1,0,0,0,0,0,0,0,0,0,0,0,0,0,0
cgatttccaaa,PBANKA_083655,0,0,0,0,2,2,14,14,0,0,0,0,0,0,0,0,0,0,0,0,0,0,0,0,0,0,0,0,0,0,0,0,0,0,0,0,0,0,0,0,0,0,0,0
cgcagcaccgc,PBANKA_103320,0,0,0,0,0,0,1,2,0,0,0,0,0,0,0,0,0,0,0,0,0,0,0,0,0,0,0,0,0,0,0,0,0,0,0,0,0,0,0,0,0,0,0,0
cgccaccccag,PBANKA_020380,0,0,0,0,0,0,7,7,0,0,0,0,0,0,0,0,0,0,0,0,0,0,0,0,0,0,0,0,0,0,0,0,0,0,0,0,0,0,0,0,0,0,0,0
cgccagtgttg,PBANKA_070250,0,0,0,0,0,0,4,4,0,0,0,0,0,0,0,0,0,0,0,0,0,0,0,0,0,0,0,0,0,0,0,0,0,0,0,0,0,0,0,0,0,0,0,0
cgccctgtttg,PBANKA_131800,0,0,0,0,0,0,0,1,0,0,0,0,0,0,0,0,0,0,0,0,0,0,0,0,0,0,0,0,0,0,0,0,0,0,0,0,0,0,0,0,0,0,0,0
cgcgttttacc,PBANKA_030480,545,554,1183,1214,790,806,2085,2105,257,268,117,119,414,421,96,99,30,33,93,94,35,36,241,247,250,254,104,105,3,4,27,26,8,8,535,562,624,640,0,0,2,2,9,10
cgctcactggt,PBANKA_103010,0,0,0,0,0,0,1,1,0,0,0,0,0,0,0,0,0,0,0,0,0,0,0,0,0,0,0,0,0,0,0,0,0,0,0,0,0,0,0,0,0,0,0,0
cgctccatgcc,PBANKA_031260,0,0,25,24,1,1,0,0,0,0,0,0,0,0,0,0,0,0,0,0,0,0,0,0,0,0,0,0,0,0,0,0,0,0,2,2,0,0,0,0,0,0,0,0
cggagtacgtt,PBANKA_103440,2186,2191,19790,19729,37694,37538,40745,40341,3583,3586,6799,6827,4914,4940,1160,1162,1076,1078,2643,2641,2027,2018,3019,3003,3184,3191,939,939,1164,1166,1141,1152,1897,1906,2284,2292,2756,2766,179,178,4,2,380,384
cggatagtcgt,PBANKA_081700,0,0,0,0,0,0,0,0,0,0,6,6,16,16,0,0,2,2,0,0,0,0,0,0,0,0,2,0,7,6,0,0,0,0,0,0,0,0,0,0,0,0,0,0
cggcgaacggt,PBANKA_020860,0,0,0,2,0,3,0,1,0,0,0,0,0,0,0,0,0,0,0,0,0,0,0,0,0,1,0,0,0,0,0,0,0,0,0,0,0,0,0,0,0,0,0,0
cgggtgagttt,PBANKA_010820,0,0,0,0,0,0,1,1,0,0,0,0,0,0,0,0,0,0,0,0,0,0,0,0,0,0,0,0,0,0,0,0,0,0,0,0,0,0,0,0,0,0,0,0
cggttgtggat,PBANKA_070710,0,0,0,0,4,5,0,0,0,0,0,0,0,0,0,0,0,0,0,0,0,0,0,0,0,0,0,0,0,0,0,0,0,0,0,0,0,0,0,0,0,0,0,0
cggttttttta,PBANKA_082030,0,0,0,0,0,0,3,1,0,0,0,0,0,0,0,0,0,0,0,0,0,0,0,0,0,0,0,0,0,0,0,0,0,0,0,0,0,0,0,0,0,0,0,0
cgtaccctgca,PBANKA_132910,0,0,0,0,0,0,0,0,0,0,0,0,3,3,0,0,1,1,0,0,0,0,0,0,0,0,0,0,1,1,0,0,0,0,0,0,0,0,0,0,0,0,0,0
cgtatttattg,PBANKA_040050,0,0,0,0,5,6,45,44,0,0,0,0,0,0,0,0,0,0,0,0,0,0,0,0,0,0,0,0,0,0,0,0,0,0,0,0,0,0,0,0,0,0,0,0
cgtgaccgctc,PBANKA_144070,0,0,0,0,2,2,0,0,0,0,0,0,0,0,0,0,0,0,0,0,0,0,0,0,0,0,0,0,0,0,0,0,0,0,0,0,0,0,0,0,0,0,0,0
cgtgccaaggt,PBANKA_133730,0,0,0,0,0,0,1,1,0,0,0,0,0,0,0,0,0,0,0,0,0,0,0,0,0,0,0,0,0,0,0,0,0,0,0,0,0,0,0,0,0,0,0,0
cgtggcgctag,PBANKA_123830,0,0,188,187,0,0,0,0,0,0,0,0,0,0,0,0,0,0,0,0,0,0,0,0,0,0,0,0,0,0,0,0,0,0,2,2,0,0,0,0,0,0,0,0
cgttaagggaa,PBANKA_134420,0,0,0,0,0,1,0,0,0,0,0,0,0,0,0,0,0,0,0,0,0,0,0,0,0,0,0,0,0,0,0,0,0,0,0,0,0,0,0,0,0,0,0,0
cgttaggtgtg,PBANKA_060820,0,0,0,0,3,2,0,0,0,0,0,1,0,0,0,0,0,2,0,0,0,0,0,0,0,0,0,1,0,0,0,0,0,1,1,0,0,0,1,1,0,1,0,0
cgttatgtggg,p230p-tag,2165,2145,51938,51521,124976,123370,18381,18015,12127,12158,35014,35028,2224,2217,31574,31556,27389,27368,51661,51436,42852,42708,9313,9212,8679,8647,24051,23833,25259,25220,38825,38671,53944,53891,8163,8144,9238,9187,38894,38824,58240,58286,11760,11702
cgttcgctata,PBANKA_092910,0,0,30,30,6,7,28,26,0,0,0,0,0,0,0,0,0,0,0,0,0,0,0,0,0,0,0,0,0,0,0,0,0,0,0,0,0,0,0,0,0,0,0,0
cgttttgggcg,PBANKA_020270,0,0,0,0,0,0,0,0,2,2,0,0,16,16,0,0,0,0,0,0,0,0,0,0,0,0,0,0,0,0,1,1,0,0,0,0,0,0,0,0,2,2,0,0
ctaaacgaaat,PBANKA_122650,888,899,339,345,397,388,468,464,61,60,22,23,84,85,0,0,0,0,0,0,0,0,2,2,0,0,0,0,0,0,0,0,1,0,1,1,0,0,0,0,0,0,1,1
ctactctgatg,PBANKA_110510,0,0,0,0,8,8,0,0,0,0,0,0,0,0,0,0,0,0,0,0,0,0,0,0,0,0,0,0,0,0,0,0,0,0,0,0,0,0,0,0,0,0,0,0
ctccaatcagc,PBANKA_090430,1840,1854,565,564,316,316,548,543,55,55,1,1,399,403,0,0,1,1,34,34,32,32,0,1,0,0,0,0,0,0,0,0,0,0,0,0,2,1,0,0,201,202,0,0
ctcccactcaa,PBANKA_103000,0,0,0,0,10,9,12,12,0,0,0,0,0,0,0,0,0,0,0,0,0,0,0,0,0,0,0,0,0,0,0,0,0,0,0,0,0,0,0,0,0,0,0,0
ctccgcttccc,PBANKA_010470,0,0,0,0,0,0,0,0,0,0,0,0,27,29,0,0,0,0,0,0,0,0,0,0,0,0,0,0,2,2,0,0,0,0,0,0,1,1,0,0,0,0,0,0
ctcctatccct,PBANKA_051950,0,0,86,84,0,0,2,2,5,6,0,0,0,0,0,0,0,0,0,0,0,0,0,0,0,0,0,0,0,0,0,0,0,0,6,7,0,0,0,0,0,0,0,0
ctcgacagctt,PBANKA_010870,0,0,0,0,0,0,0,0,0,0,0,0,0,0,0,0,0,0,0,0,0,0,0,0,0,0,0,0,0,0,0,0,1,0,0,0,0,0,0,0,0,0,0,0
ctcgacatcta,PBANKA_083170,0,0,0,0,3,4,9,9,52,55,44,44,125,130,5,6,21,21,8,8,4,4,3,3,7,6,23,22,39,39,15,16,19,18,12,12,7,7,21,21,14,14,3,3
ctctacttctg,PBANKA_142590,2230,2266,9134,9172,16943,16973,14172,14175,717,715,1483,1516,781,786,163,166,95,90,93,100,54,53,67,68,83,87,18,18,12,11,147,148,131,130,94,95,119,121,0,0,3,3,0,0
ctctcacagtc,PBANKA_121440,0,0,0,1,0,0,0,3,0,0,0,0,0,0,0,0,0,0,0,0,0,0,0,0,0,0,0,0,0,0,0,0,0,0,0,0,0,0,0,0,0,0,0,0
ctctgctacgc,PBANKA_010680,0,0,1,0,2,0,0,0,0,0,0,0,0,0,0,0,0,0,0,0,0,0,0,0,0,0,0,0,0,0,0,0,0,0,0,0,1,0,0,0,0,0,0,0
ctctgtgccat,PBANKA_100230,4175,4176,560,561,9,9,19,20,94,93,2,2,0,0,441,439,332,330,0,0,4,4,1,1,0,0,167,171,216,216,1,1,0,0,0,0,3,3,0,0,0,0,0,0
ctcttatgctc,PBANKA_142530,0,0,0,0,10,10,3,3,0,0,0,0,0,0,0,0,0,0,0,0,0,0,0,0,0,0,0,0,0,0,0,0,0,0,0,0,0,0,0,0,0,0,0,0
ctcttggtctg,PBANKA_080260,0,0,0,0,0,0,2,2,0,0,0,0,0,0,0,0,0,0,0,0,0,0,0,0,0,0,0,0,0,0,0,0,0,0,0,0,0,0,0,0,0,0,0,0
ctgaatactcg,PBANKA_062320,0,0,21,21,14,14,99,95,0,0,0,0,0,0,0,0,0,0,0,0,0,0,0,0,0,0,0,0,0,0,0,0,0,0,0,0,0,0,0,0,0,0,0,0
ctggttattaa,PBANKA_091870,0,0,38,39,0,0,0,0,0,0,0,0,0,0,0,0,0,0,0,0,0,0,0,0,0,0,0,0,0,0,0,0,0,0,0,0,0,0,0,0,0,0,0,0
ctgtatgtgtt,PBANKA_061150,0,0,4,4,0,0,0,0,0,0,0,0,0,0,0,0,0,0,0,0,0,0,0,0,0,0,0,0,0,0,0,0,0,0,0,0,0,0,0,0,0,0,0,0
ctgtgactgct,PBANKA_130190,0,0,0,0,0,0,6,6,12,12,6,7,27,26,2,2,2,2,1,1,1,1,1,1,0,0,0,0,16,15,2,3,7,7,1,1,2,2,1,1,10,10,0,0
cttacattggt,PBANKA_061040,0,0,0,0,0,0,5,5,0,0,0,0,0,0,0,0,0,0,0,0,0,0,0,0,0,0,0,0,0,0,0,0,0,0,0,0,0,0,0,0,0,0,0,0
cttacgtctgg,PBANKA_082340,0,0,0,0,0,0,2,2,0,0,0,0,0,0,0,0,0,0,0,0,0,0,0,0,0,0,0,0,0,0,0,0,0,0,0,0,0,0,0,0,0,0,0,0
ctttacggaag,PBANKA_103150,0,0,0,0,1,1,8,8,0,0,0,0,0,0,0,0,0,0,0,0,0,0,0,0,0,0,0,0,0,0,0,0,0,0,0,0,0,0,0,0,0,0,0,0
ctttactgggt,PBANKA_135260,0,0,0,0,5,4,1,1,0,0,0,0,0,0,0,0,0,0,0,0,0,0,0,0,0,0,0,0,0,0,0,0,0,0,0,0,0,0,0,0,0,0,0,0
ctttcgtccgt,PBANKA_090420,0,0,91,97,30,32,118,117,0,0,0,0,0,0,0,0,0,0,0,0,0,0,0,0,0,0,0,0,0,0,0,0,0,0,0,0,0,0,0,0,0,0,0,0
gaaacagtacc,PBANKA_121240,0,0,0,0,0,0,0,0,5,5,5,5,4,3,0,0,0,0,0,0,0,0,0,0,0,0,0,0,6,6,0,0,3,3,3,3,0,0,0,0,0,0,0,0
gaaacccctcc,PBANKA_121320,0,0,0,0,0,0,7,7,0,0,0,0,0,0,0,0,0,0,0,0,0,0,0,0,0,0,0,0,0,0,0,0,0,0,0,0,0,0,0,0,0,0,0,0
gaaagtctaat,PBANKA_142370,0,0,363,353,0,0,1,0,0,0,0,0,0,0,0,0,0,0,0,0,0,0,0,0,0,0,0,0,0,0,0,0,0,0,1,1,0,0,0,0,0,0,0,0
gaaccgtaaat,PBANKA_135780,0,0,0,0,0,0,4,4,0,0,0,0,0,0,0,0,0,0,0,0,0,0,0,0,0,0,0,0,0,0,0,0,0,0,0,0,0,0,0,0,0,0,0,0
gaacctggaca,PBANKA_093260,0,0,50,50,0,0,0,0,0,0,0,0,0,0,0,0,0,0,0,0,0,0,0,0,0,0,0,0,0,0,0,0,0,0,6,7,0,0,0,0,0,0,0,0
gaagctaatgc,PBANKA_041450,0,0,0,0,0,0,4,4,0,0,0,0,0,0,0,0,0,0,0,0,0,0,0,0,0,0,0,0,0,0,0,0,0,0,0,0,0,0,0,0,0,0,0,0
gaagttctagg,PBANKA_041080,0,0,0,0,0,0,1,2,0,0,0,0,0,0,0,0,0,0,0,0,0,0,0,0,0,0,0,0,0,0,0,0,0,0,0,0,0,0,0,0,0,0,0,0
gaatatgtaat,PBANKA_031240,0,0,0,0,11,11,14,15,0,0,0,0,0,0,0,0,0,0,0,0,0,0,0,0,0,0,0,0,0,0,0,0,0,0,0,0,0,0,0,0,0,0,0,0
gaattaacaaa,PBANKA_110100,0,0,130,132,0,0,0,0,0,0,0,0,0,0,0,0,0,0,0,0,0,0,0,0,0,0,0,0,0,0,0,0,0,0,1,1,0,0,0,0,0,0,0,0
gacattcgagg,PBANKA_122540,0,0,0,0,0,0,6,6,0,0,0,0,0,0,0,0,0,0,0,0,0,0,0,0,0,0,0,0,0,0,0,0,0,0,0,0,0,0,0,0,0,0,0,0
gaccacgagag,PBANKA_145910,0,0,0,0,0,0,11,11,0,0,0,0,0,0,0,0,0,0,0,0,0,0,0,0,0,0,0,0,0,0,0,0,0,0,0,0,0,0,0,0,0,0,0,0
gaccgccctct,PBANKA_135150,0,0,0,0,0,0,3,3,0,0,0,0,0,0,0,0,0,0,0,0,0,0,0,0,0,0,0,0,0,0,0,0,0,0,0,0,0,0,0,0,0,0,0,0
gacctttgcag,PBANKA_083240,0,0,0,0,11,12,33,32,0,0,0,0,0,0,0,0,0,0,0,0,0,0,0,0,0,0,0,0,0,0,0,0,0,0,0,0,0,0,0,0,0,0,0,0
gacgaggggca,PBANKA_030230,0,0,0,0,4,4,117,114,0,0,0,0,0,0,0,0,0,0,0,0,0,0,0,0,0,0,0,0,0,0,0,0,0,0,0,0,0,0,0,0,0,0,0,0
gacgggactac,PBANKA_010580,0,0,43,41,22,22,23,26,0,0,0,0,0,0,0,0,0,0,0,0,0,0,0,0,0,0,0,0,0,0,0,0,0,0,0,0,0,0,0,0,0,0,0,0
gacgttgctga,PBANKA_113340,0,0,0,0,0,0,0,0,0,0,17,17,0,0,0,0,0,0,0,0,0,0,0,0,0,0,1,1,0,0,0,0,0,0,0,0,0,0,0,0,0,0,0,0
gactcccgggc,PBANKA_102400,0,0,0,0,0,0,1,1,0,0,0,0,0,0,0,0,0,0,0,0,0,0,0,0,0,0,0,0,0,0,0,0,0,0,0,0,0,0,0,0,0,0,0,0
gacttcaatcg,PBANKA_112420,0,0,0,0,4,5,50,50,0,0,0,0,0,0,0,0,0,0,0,0,0,0,0,0,0,0,0,0,0,0,0,0,0,0,0,0,0,0,0,0,0,0,0,0
gagagcagtca,PBANKA_060350,0,0,0,0,0,0,11,12,0,0,0,0,0,0,0,0,0,0,0,0,0,0,0,0,0,0,0,0,0,0,0,0,0,0,0,0,0,0,0,0,0,0,0,0
gagatgctctt,PBANKA_122580,0,0,0,0,20,19,55,55,0,0,0,0,0,0,0,0,0,0,0,0,0,0,0,0,0,0,0,0,0,0,0,0,0,0,0,0,0,0,0,0,0,0,0,0
gagatggcatc,PBANKA_130280,0,0,0,0,0,0,0,0,0,0,18,18,0,0,0,0,3,3,0,0,0,0,0,0,0,0,0,0,0,0,0,0,0,0,0,0,0,0,0,0,0,0,0,0
gagatgttagg,PBANKA_133820,0,0,0,0,0,0,0,0,0,0,0,0,25,25,0,0,0,0,0,0,0,0,0,0,0,0,0,0,0,0,0,0,0,0,0,0,0,0,0,0,0,0,0,0
gagattgcgcg,PBANKA_020970,0,0,0,0,0,0,0,0,0,0,0,0,16,16,0,0,0,0,0,0,0,0,0,0,0,0,0,0,0,0,0,0,0,0,0,0,0,0,0,0,0,0,0,0
gaggtggacaa,PBANKA_080950,0,0,0,0,4,4,0,0,0,0,0,0,0,0,0,0,0,0,0,0,0,0,0,0,0,0,0,0,0,0,0,0,0,0,0,0,0,0,0,0,0,0,0,0
gagtagatctg,PBANKA_093370,0,0,1,1,0,0,0,0,0,0,0,0,12,12,0,0,0,0,0,0,0,0,0,0,0,0,0,0,0,0,0,0,2,2,0,0,0,0,0,0,0,0,0,0
gagtcgcatag,PBANKA_091400,0,0,0,0,5,5,0,0,0,0,0,0,0,0,0,0,0,0,0,0,0,0,0,0,0,0,0,0,0,0,0,0,0,0,0,0,0,0,0,0,0,0,0,0
gatagtttaat,PBANKA_082430,0,0,0,0,0,0,15,15,0,0,0,0,0,0,0,0,0,0,0,0,0,0,0,0,0,0,0,0,0,0,0,0,0,0,0,0,0,0,0,0,0,0,0,0
gatattcctct,PBANKA_145770,0,0,0,0,0,0,1,1,0,0,0,0,0,0,0,0,0,0,0,0,0,0,0,0,0,0,0,0,0,0,0,0,0,0,0,0,0,0,0,0,0,0,0,0
gatcgacttct,PBANKA_131810,0,0,0,0,9,7,0,0,0,0,0,0,0,0,0,0,0,0,0,0,0,0,0,0,0,0,0,0,0,0,0,0,0,0,0,0,0,0,0,0,0,0,0,0
gatgaagcgcg,PBANKA_140610,0,0,0,0,0,0,5,4,0,0,0,0,0,0,0,0,0,0,0,0,0,0,0,0,0,0,0,0,0,0,0,0,0,0,0,0,0,0,0,0,0,0,0,0
gatgatccgtt,PBANKA_050250,0,0,1,0,3,3,0,0,0,0,0,0,0,0,0,0,0,0,0,0,0,0,0,0,0,0,0,0,0,0,0,0,0,0,0,0,0,0,0,0,0,0,0,0
gatgcaagggg,PBANKA_091490,0,0,0,0,2,2,0,0,0,0,0,0,0,0,0,0,0,0,0,0,0,0,0,0,0,0,0,0,0,0,0,0,0,0,0,0,0,0,0,0,0,0,0,0
gatgtgttcct,PBANKA_081420,0,0,0,0,0,0,1,1,0,0,0,0,0,0,0,0,0,0,0,0,0,0,0,0,0,0,0,0,0,0,0,0,0,0,0,0,0,0,0,0,0,0,0,0
gattgcaaacg,PBANKA_020330,0,0,0,0,7,7,2,2,0,0,0,0,0,0,0,0,0,0,0,0,0,0,0,0,0,0,0,0,0,0,0,0,0,0,0,0,0,0,0,0,0,0,0,0
gcacccttctc,PBANKA_090520,0,0,0,0,6,6,0,0,0,0,0,0,0,0,0,0,0,0,0,0,0,0,0,0,0,0,0,0,0,0,0,0,0,0,0,0,0,0,0,0,0,0,0,0
gcacttgatcg,PBANKA_111330,0,0,0,0,0,0,0,0,0,0,0,0,0,0,0,0,0,0,0,0,0,0,1,1,1,1,0,0,0,0,0,0,2,1,0,0,0,0,1,1,0,0,0,0
gcagtataata,PBANKA_111770,0,0,0,0,4,4,0,0,0,0,0,0,0,0,0,0,0,0,0,0,0,0,0,0,0,0,0,0,0,0,0,0,0,0,0,0,0,0,0,0,0,0,0,0
gcagtcacttg,PBANKA_050930,0,0,0,0,7,8,0,0,0,0,0,0,0,0,0,0,0,0,0,0,0,0,0,0,0,0,0,0,0,0,0,0,0,0,0,0,0,0,0,0,0,0,0,0
gcagtgctatt,PBANKA_100260,0,0,0,0,0,0,6,6,0,0,0,0,0,0,0,0,0,0,0,0,0,0,0,0,0,0,0,0,0,0,0,0,0,0,0,0,0,0,0,0,0,0,0,0
gcatcaaagcg,PBANKA_094340,0,0,0,0,0,0,3,4,0,0,0,0,0,0,0,0,0,0,0,0,0,0,0,0,0,0,0,0,0,0,0,0,0,0,0,0,0,0,0,0,0,0,0,0
gcatcagtcct,PBANKA_140580,0,0,0,0,0,0,2,2,0,0,0,0,0,0,0,0,0,0,0,0,0,0,0,0,0,0,0,0,0,0,0,0,0,0,0,0,0,0,0,0,0,0,0,0
gccccccaaca,PBANKA_142600,0,0,0,0,0,0,0,0,0,0,0,0,0,0,0,0,0,0,0,0,0,0,0,0,0,0,0,0,0,0,0,0,0,0,0,0,0,0,3,3,0,0,0,0
gcccggcgggt,PBANKA_130520,0,0,0,0,0,0,0,0,0,0,0,0,0,0,0,0,0,0,2,2,0,0,0,0,0,0,0,0,0,0,0,0,0,0,0,0,0,0,0,0,0,0,0,0
gcccggtaata,PBANKA_052050,0,0,0,0,0,0,3,3,0,0,0,0,0,0,0,0,0,0,0,0,0,0,0,0,0,0,0,0,0,0,0,0,0,0,0,0,0,0,0,0,0,0,0,0
gcgatcagttt,PBANKA_112810,0,0,14,12,0,0,0,0,0,0,0,0,0,0,0,0,0,0,0,0,0,0,0,0,0,0,0,0,0,0,0,0,0,0,0,0,0,0,0,0,0,0,0,0
gcgatgcctgc,PBANKA_071550,0,0,2,2,0,0,0,0,0,0,0,0,0,0,0,0,0,0,0,0,0,0,0,0,0,0,0,0,0,0,0,0,0,0,0,0,0,0,0,0,0,0,2,2
gcgcctaaaga,PBANKA_070650,0,0,0,0,12,10,0,0,0,0,0,0,0,0,0,0,0,0,0,0,0,0,0,0,0,0,0,0,0,0,0,0,0,0,0,0,0,0,0,0,0,0,0,0
gcgcgcgtacc,PBANKA_100270,0,0,0,0,0,0,15,17,0,0,0,0,0,0,0,0,0,0,0,0,0,0,0,0,0,0,0,0,0,0,0,0,0,0,0,0,0,0,0,0,0,0,0,0
gcgctggaact,PBANKA_101400,2015,2017,879,873,530,524,1793,1773,19,19,0,0,55,53,0,0,0,0,0,0,0,0,44,40,37,37,0,0,0,0,0,0,0,0,0,0,1,2,0,0,0,0,0,0
gcgggttctct,PBANKA_143950,0,0,0,0,0,0,12,13,0,0,0,0,0,0,0,0,0,0,0,0,0,0,0,0,0,0,0,0,0,0,0,0,0,0,0,0,0,0,0,0,0,0,0,0
gcgtcgatcaa,PBANKA_050500,2767,2803,5011,4991,3550,3563,848,847,1562,1583,1269,1281,340,345,4050,4088,3776,3803,2727,2729,2523,2531,432,438,460,465,3894,3878,5087,5133,1473,1468,2437,2429,365,367,371,371,2,1,12,10,3,3
gctaagattca,PBANKA_081970,0,0,0,0,0,0,0,0,0,0,0,0,0,0,0,0,0,0,0,0,0,0,0,0,1,1,1,1,3,3,0,0,0,0,0,0,0,0,0,0,0,0,0,0
gctcatcacca,PBANKA_140310,2666,2741,24,24,87,87,169,171,0,0,0,0,0,0,1,0,0,0,2,2,0,0,0,0,1,1,0,0,0,0,0,0,0,0,0,0,2,2,2,2,0,0,0,0
gctcgagtctc,PBANKA_021420,0,0,0,0,0,0,0,0,0,0,0,0,0,0,0,0,0,0,0,0,0,0,1,1,0,0,0,0,0,0,0,0,0,0,0,0,0,0,0,0,0,0,0,0
gctcgatcgta,PBANKA_080220,0,0,0,0,28,28,853,845,0,0,0,0,0,0,0,0,0,0,0,0,0,0,0,0,0,0,0,0,0,0,0,0,0,0,0,0,0,0,0,0,0,0,0,0
gctcgtcgacc,PBANKA_010520,0,0,0,0,0,0,0,0,0,0,2,2,8,8,0,0,1,1,0,0,0,0,0,0,0,0,2,2,0,0,0,0,3,3,2,2,1,1,0,0,6,5,0,0
gctgggcagtt,PBANKA_146460,0,0,0,0,0,0,5,5,0,0,0,0,0,0,0,0,0,0,0,0,0,0,0,0,0,0,0,0,0,0,0,0,0,0,0,0,0,0,0,0,0,0,0,0
gctggtacgaa,PBANKA_091230,0,0,26,26,0,0,0,0,0,0,0,0,0,0,0,0,0,0,0,0,0,0,0,0,0,0,0,0,0,0,0,0,0,0,0,0,0,0,0,0,0,0,0,0
ggacacagccg,PBANKA_120970,0,0,0,0,0,0,4,3,0,0,0,0,0,0,0,0,0,0,0,0,0,0,0,0,0,0,0,0,0,0,0,0,0,0,0,0,0,0,0,0,0,0,0,0
ggacgagaggg,PBANKA_031430,0,0,0,0,0,0,0,1,0,0,0,0,0,0,0,0,0,0,0,0,0,0,0,0,0,0,0,0,0,0,0,0,0,0,0,0,0,0,0,0,0,0,0,0
ggagggtatgc,PBANKA_135860,2102,2104,2589,2545,1257,1236,1682,1656,91,91,79,79,26,26,0,0,0,0,3,1,1,1,0,0,1,1,1,0,0,0,0,0,0,0,2,2,1,0,0,0,1,1,0,0
ggagtcaaagt,PBANKA_140840,0,0,50,50,0,0,15,14,0,0,0,0,0,0,0,0,0,0,0,0,0,0,0,0,0,0,0,0,0,0,0,0,0,0,0,0,0,0,0,0,0,0,0,0
ggatgtcagaa,PBANKA_081120,0,0,0,0,0,0,0,0,0,0,5,5,2,2,1,1,0,0,0,0,0,0,0,0,0,0,4,4,3,3,0,0,0,0,0,0,0,0,8,8,2,2,2,2
ggcacagccgg,PBANKA_051800,0,0,0,0,0,0,1,0,0,0,0,0,0,0,0,0,0,0,0,0,0,0,0,0,0,0,0,0,0,0,0,0,0,0,0,0,0,0,0,0,0,0,0,0
ggcagtatcga,PBANKA_040230,2105,2118,917,914,3001,2991,2716,2692,21,21,317,317,0,0,0,1,1,0,44,45,76,74,85,82,85,85,1,0,0,0,1,1,0,0,2,2,2,2,2,2,0,0,1,0
ggcagtatggg,PBANKA_121690,0,0,0,0,0,0,0,0,13,13,12,12,12,12,0,0,1,1,0,0,2,2,0,0,1,1,2,2,2,2,1,1,1,1,0,0,0,0,0,0,0,0,0,0
ggccaatttaa,PBANKA_080320,0,0,0,0,0,0,5,5,0,0,0,0,0,0,0,0,0,0,0,0,0,0,0,0,0,0,0,0,0,0,0,0,0,0,0,0,0,0,0,0,0,0,0,0
ggccagatcac,PBANKA_101440,3075,3167,2202,2247,2718,2806,11505,11766,288,296,751,768,1601,1631,172,175,112,114,117,117,108,109,676,694,754,774,96,99,81,84,72,84,119,121,503,518,650,658,2,2,1,1,79,82
ggcctagaagg,PBANKA_050960,0,0,1,0,0,0,0,0,0,0,0,0,0,0,0,0,0,0,0,0,0,0,0,0,0,0,0,0,0,0,0,0,0,0,0,0,0,0,0,0,0,0,0,0
ggccttagatg,PBANKA_100990,0,0,0,1,0,1,0,0,0,0,0,0,0,0,0,0,0,0,0,0,0,1,0,0,0,0,0,0,0,0,0,0,0,0,0,0,0,0,0,0,0,0,0,0
ggcgatgtttc,PBANKA_092550,0,0,0,0,1,1,3,3,0,0,0,0,0,0,0,0,0,0,0,0,0,0,0,0,0,0,0,0,3,3,0,0,0,0,0,0,0,0,0,0,0,0,0,0
ggcgcatgcat,PBANKA_102020,0,0,0,0,0,0,0,0,0,0,12,12,19,19,0,0,4,4,0,0,0,0,0,0,0,0,1,1,7,7,1,1,0,0,2,2,0,0,1,1,6,6,0,0
ggcgctgctct,PBANKA_113380,0,0,0,0,0,0,2,2,0,0,11,11,31,29,0,0,4,4,0,0,0,0,0,0,0,0,3,3,10,11,1,0,0,0,2,2,3,3,0,0,3,3,0,0
ggcgtaccccg,PBANKA_082230,0,0,0,0,0,0,0,0,0,0,0,0,16,16,0,0,0,0,0,0,0,0,0,0,0,0,0,0,2,1,1,1,2,2,0,0,0,0,0,0,7,4,0,0
ggcgtttatct,PBANKA_111860,0,0,0,0,0,0,1,1,0,0,0,0,0,0,0,0,0,0,0,0,0,0,0,0,0,0,0,0,0,0,0,0,0,0,0,0,0,0,0,0,0,0,0,0
ggctaggccgc,PBANKA_041050,0,0,0,0,0,0,0,0,0,0,0,0,7,7,0,0,0,0,0,0,0,0,0,0,0,0,0,0,0,0,0,0,0,0,0,0,0,0,0,0,0,0,0,0
gggaattaaga,PBANKA_143750,0,0,0,0,0,0,0,0,0,0,0,0,0,0,0,0,0,0,0,0,0,0,0,0,0,0,0,0,3,3,0,0,0,0,0,0,2,2,0,0,0,0,0,0
gggacaaacat,PBANKA_071560,1954,1958,207,205,759,775,161,159,0,0,60,61,20,19,0,0,0,0,49,50,32,32,26,27,28,30,1,1,0,0,16,16,12,12,0,0,0,0,2,2,1,1,5,5
gggaggcgact,PBANKA_050400,0,0,26,25,9,10,17,15,0,0,0,0,0,0,0,0,0,0,0,0,0,0,0,0,0,0,0,0,0,0,0,0,0,0,0,0,0,0,0,0,0,0,0,0
gggatgccctt,PBANKA_040460,0,0,0,0,0,0,0,0,23,22,0,0,30,30,0,0,0,0,1,1,1,1,1,1,0,0,4,4,11,10,6,6,4,5,0,0,17,17,0,0,3,3,0,0
gggcgaacgag,PBANKA_134640,0,0,35,35,9,9,22,22,0,0,0,0,0,0,0,0,0,0,0,0,0,0,0,0,0,0,0,0,0,0,0,0,0,0,0,0,0,0,0,0,0,0,0,0
gggcgtctccc,PBANKA_131720,0,0,0,0,0,0,0,0,0,0,0,0,0,0,0,0,0,0,0,0,0,0,0,0,0,0,0,0,1,1,0,0,0,0,0,1,0,0,0,0,0,0,2,2
ggggtaactat,PBANKA_091380,0,0,0,0,1,0,0,0,0,0,0,0,0,0,0,0,0,0,0,0,0,0,0,0,0,0,0,1,0,0,0,1,0,0,0,0,0,0,0,0,0,0,0,0
ggggtcctctg,PBANKA_124380,0,0,15,15,0,0,0,0,0,0,0,0,0,0,0,0,0,0,0,0,0,0,0,0,0,0,0,0,0,0,0,0,0,0,4,4,0,0,0,0,0,0,0,0
gggtctatcca,PBANKA_114520,0,0,0,0,0,0,0,0,0,0,0,0,0,0,0,1,0,0,0,0,0,0,0,0,0,0,0,0,0,0,0,0,0,0,0,0,0,0,0,0,0,0,0,0
ggtaagccatc,PBANKA_142640,0,0,0,0,0,0,0,1,0,0,0,0,0,0,0,0,0,0,0,0,0,0,0,0,0,0,0,0,0,0,0,0,0,0,0,0,0,0,0,0,0,0,0,0
ggtatgagccc,PBANKA_051720,0,0,0,0,0,0,0,0,0,0,0,0,5,6,1,1,0,0,0,0,0,0,0,0,0,0,0,0,0,0,0,0,0,0,0,0,0,0,0,0,0,0,0,0
ggtcagaccct,PBANKA_092700,0,0,0,0,7,7,0,0,0,0,0,0,0,0,0,0,0,0,0,0,0,0,0,0,0,0,0,0,0,0,0,0,0,0,0,0,0,0,0,0,0,0,0,0
ggtccggttcg,PBANKA_082750,0,0,0,0,0,0,5,5,0,0,0,0,0,0,0,0,0,0,0,0,0,0,0,0,0,0,0,0,0,0,0,0,0,0,0,0,0,0,0,0,0,0,0,0
ggtcgctggtt,PBANKA_140510,0,0,48,47,25,25,193,183,0,0,0,0,0,0,0,0,0,0,0,0,0,0,0,0,0,0,0,0,0,0,0,0,0,0,0,0,0,0,0,0,0,0,0,0
ggtgtcagatc,PBANKA_093530,0,0,0,0,3,3,0,0,0,0,0,0,0,0,0,0,0,0,0,0,0,0,0,0,0,0,0,0,0,0,0,0,0,0,0,0,0,0,0,0,0,0,0,0
ggttgccccct,PBANKA_040670,0,0,0,0,0,0,0,0,23,23,0,0,42,42,0,0,0,0,3,2,0,0,0,0,1,1,1,1,1,1,4,4,4,4,4,3,0,0,0,0,8,8,0,0
gtaacagcgtc,PBANKA_080940,0,0,0,0,0,0,6,6,0,0,0,0,0,0,0,0,0,0,0,0,0,0,0,0,0,0,0,0,0,0,0,0,0,0,0,0,0,0,0,0,0,0,0,0
gtaaggccata,PBANKA_142670,0,0,0,0,12,12,11,11,0,0,0,0,0,0,0,0,0,0,0,0,0,0,0,0,0,0,0,0,0,0,0,0,0,0,0,0,0,0,0,0,0,0,0,0
gtacaacagcc,PBANKA_141210,0,0,0,0,0,0,0,1,0,0,0,0,0,0,0,0,0,0,0,0,0,0,0,0,0,0,0,0,0,0,0,0,1,0,0,0,0,0,0,0,0,0,0,0
gtaccgaacgc,PBANKA_145440,0,0,0,0,2,2,40,40,0,0,0,0,0,0,0,0,0,0,0,0,0,0,0,0,0,0,0,0,0,0,0,0,0,0,0,0,0,0,0,0,0,0,0,0
gtacgaaatat,PBANKA_130150,0,0,0,0,3,3,0,0,0,0,0,0,0,0,0,0,0,0,0,0,0,0,0,0,0,0,0,0,0,0,0,0,0,0,0,0,0,0,0,0,0,0,0,0
gtactcgtatg,PBANKA_021350,0,0,0,0,2,2,7,7,0,0,0,0,0,0,0,0,0,0,0,0,0,0,0,0,0,0,0,0,0,0,0,0,0,0,0,0,0,0,0,0,0,0,0,0
gtagaaaggcg,PBANKA_091130,1346,1325,17211,16922,20433,20035,48114,47029,1049,1037,1704,1684,4152,4147,180,178,116,113,216,210,169,165,657,647,638,636,116,112,31,32,53,49,51,49,459,457,532,527,5,2,5,0,270,265
gtagatgtcgt,PBANKA_021330,0,0,76,74,0,0,6,6,0,0,0,0,0,0,0,0,0,0,0,0,1,1,0,0,0,0,0,0,0,0,0,0,0,0,5,4,0,0,0,0,0,0,0,0
gtagctaggaa,PBANKA_131070,0,0,0,0,0,0,0,0,10,10,11,11,0,0,1,1,2,2,0,0,0,0,1,1,1,1,3,3,9,9,2,2,1,1,0,0,3,3,0,0,6,6,3,3
gtaggggatga,PBANKA_093130,0,0,0,0,10,8,12,12,0,0,0,0,0,0,0,0,0,0,0,0,0,0,0,0,0,0,0,0,0,0,0,0,0,0,0,0,0,0,0,0,0,0,0,0
gtatacggatt,PBANKA_134280,0,0,91,89,29,29,65,65,0,0,0,0,0,0,0,0,0,0,0,0,0,0,0,0,0,0,0,0,0,0,0,0,0,0,0,0,0,0,0,0,0,0,0,0
gtcaaccgttt,PBANKA_051440,0,0,108,108,0,0,7,8,0,0,0,0,0,0,0,0,0,0,0,0,0,0,0,0,0,0,0,0,0,0,0,0,0,0,7,7,0,0,0,0,0,0,0,0
gtcagccggag,PBANKA_132810,0,0,43,41,0,0,2,2,0,0,0,0,0,0,0,0,0,0,0,0,0,0,0,0,0,0,0,0,0,0,0,0,0,0,0,0,0,0,0,0,0,0,0,0
gtccctggtct,PBANKA_102920,0,0,0,0,2,2,0,0,0,0,0,0,0,0,0,0,0,0,0,0,0,0,0,0,0,0,0,0,0,0,0,0,0,0,0,0,0,0,0,0,0,0,0,0
gtccgtctaac,PBANKA_090860,0,0,27,27,14,12,87,84,0,0,0,0,0,0,0,0,0,0,0,0,0,0,0,0,0,0,0,0,0,0,0,0,0,0,0,0,0,0,0,0,0,0,0,0
gtcgcgtgcct,PBANKA_051340,0,0,0,0,0,0,0,0,0,0,0,0,0,0,0,0,0,0,0,0,0,0,1,0,0,0,0,0,0,0,0,0,0,0,0,0,0,0,1,0,0,0,0,0
gtcggctaggt,PBANKA_114370,0,0,0,0,2,2,20,19,0,0,0,0,0,0,0,0,0,0,0,0,0,0,0,0,0,0,0,0,0,0,0,0,0,0,0,0,0,0,0,0,0,0,0,0
gtctccgtatt,PBANKA_132880,0,0,0,0,34,36,43,43,0,0,0,0,0,0,0,0,0,0,0,0,0,0,0,0,0,0,0,0,0,0,0,0,0,0,0,0,0,0,0,0,0,0,0,0
gtgagttgccg,PBANKA_082090,0,0,0,0,0,0,4,4,0,0,0,0,0,0,0,0,0,0,0,0,0,0,0,0,0,0,0,0,0,0,0,0,0,0,0,0,0,0,0,0,0,0,0,0
gtggaacactt,PBANKA_080490,2428,2453,4267,4252,4445,4447,4621,4635,187,184,364,367,205,203,59,59,83,84,105,103,64,65,103,101,113,116,12,12,2,2,3,3,9,8,113,116,160,164,1,1,1,0,16,14
gtggtgactca,PBANKA_040960,0,0,38,39,26,27,99,98,0,0,0,0,0,0,0,0,0,0,0,0,0,0,0,0,0,0,0,0,0,0,0,0,0,0,0,0,0,0,0,0,0,0,0,0
gtggttgtaac,PBANKA_123230,0,0,0,0,1,1,0,0,0,0,0,0,0,0,0,0,0,0,0,0,0,0,0,0,0,0,0,0,0,0,0,0,0,0,0,0,0,0,0,0,0,0,0,0
gttaacgactt,PBANKA_020710,1851,1874,2140,2146,4979,5021,5399,5401,193,196,380,389,236,238,314,323,277,282,443,449,383,388,284,282,273,276,240,246,190,196,533,542,737,748,304,307,363,363,3,4,73,72,27,24
gttacttcgag,PBANKA_122560,0,0,0,0,0,0,0,0,6,6,0,0,0,0,0,0,0,0,0,0,0,0,0,0,0,0,2,2,0,0,0,0,0,0,12,11,0,0,0,0,0,0,0,0
gttagcatgca,PBANKA_030820,0,0,0,0,0,0,0,0,0,0,7,7,0,0,0,0,0,0,0,0,0,0,0,0,0,0,0,0,0,0,0,0,3,3,0,0,0,0,0,0,0,0,0,0
gttagctgtcc,PBANKA_052020,0,0,0,0,61,65,41,44,0,0,0,0,0,0,0,0,0,0,0,0,0,0,0,0,0,0,0,0,0,0,0,0,0,0,0,0,0,0,0,0,0,0,0,0
gttataggcga,PBANKA_100950,1790,1808,1137,1134,2340,2358,11391,11338,143,146,538,538,1677,1691,108,109,61,62,420,426,285,283,1240,1247,1218,1224,20,20,12,11,260,257,243,248,1732,1753,2128,2139,0,0,1,1,799,802
gttataggctc,PBANKA_100370,0,0,0,0,0,0,0,0,0,0,0,1,0,0,0,0,0,0,0,0,0,0,0,0,0,0,0,0,0,0,0,0,0,0,0,0,0,0,0,0,0,0,0,0
gttctgaaaga,PBANKA_010940,0,0,100,103,0,0,0,0,0,0,0,0,0,0,0,0,0,0,0,0,0,0,0,0,0,0,0,0,0,0,0,0,0,0,1,1,0,0,0,0,0,0,0,0
gttgcgagcac,PBANKA_030260,0,0,0,0,0,0,0,0,0,0,0,0,21,21,0,0,0,0,0,0,0,0,0,0,0,0,1,1,3,3,1,1,0,0,3,3,0,0,0,0,0,0,2,3
gtttaagcttt,PBANKA_135970,0,0,0,0,0,0,0,0,0,0,2,2,0,0,0,0,1,1,0,0,0,0,0,0,0,0,0,0,0,0,0,0,1,1,1,1,1,1,0,0,0,0,0,0
gtttgcacatc,PBANKA_041540,0,0,0,0,0,0,3,3,0,0,0,0,0,0,0,0,0,0,0,0,0,0,0,0,0,0,0,0,0,0,0,0,0,0,0,0,0,0,0,0,0,0,0,0
taaatagtcta,PBANKA_020320,0,0,0,0,0,0,0,0,0,0,0,0,0,0,0,0,0,0,0,0,0,1,0,0,0,1,0,0,0,0,0,0,0,0,0,0,0,0,0,0,0,0,0,0
taaggttcacg,PBANKA_135520,0,0,0,0,1,1,19,19,0,0,0,0,0,0,0,0,0,0,0,0,0,0,0,0,0,0,0,0,0,0,0,0,0,0,0,0,0,0,0,0,0,0,0,0
taaggttgctt,PBANKA_140700,2473,2466,12838,12666,3058,2985,8387,8206,2211,2202,562,562,912,899,4217,4199,3122,3104,696,684,506,495,2438,2409,2241,2225,2846,2820,2252,2248,417,421,437,432,2635,2623,3031,3018,3347,3332,3,3,1424,1418
taagttcgat,PBANKA_093370,0,0,115,116,0,0,14,14,0,0,0,0,0,0,0,0,0,0,0,0,0,0,0,0,0,0,0,0,0,0,0,0,0,0,0,0,0,0,0,0,0,0,0,0
taatacatgaa,PBANKA_093010,0,0,0,0,0,0,6,7,0,0,0,0,0,0,0,0,0,0,0,0,0,0,0,0,0,0,0,0,0,0,0,0,0,0,0,0,0,0,0,0,0,0,0,0
taatagggagc,PBANKA_081070,0,0,0,0,12,11,17,17,0,0,0,0,0,0,0,0,0,0,0,0,0,0,0,0,0,0,0,0,0,0,0,0,0,0,0,0,0,0,0,0,0,0,0,0
taatctattga,PBANKA_130990,0,0,0,0,0,0,8,8,0,0,0,0,0,0,0,0,0,0,0,0,0,0,0,0,0,0,0,0,0,0,0,0,0,0,0,0,0,0,0,0,0,0,0,0
tacaccgtttg,PBANKA_102230,0,0,0,0,0,0,5,5,0,0,0,0,0,0,0,0,0,0,0,0,0,0,0,0,0,0,0,0,0,0,0,0,0,0,0,0,0,0,0,0,0,0,0,0
tacacctaggt,PBANKA_030570,0,0,0,0,0,0,2,2,0,0,0,0,0,0,0,0,0,0,0,0,0,0,0,0,0,0,0,0,0,0,0,0,0,0,0,0,0,0,0,0,0,0,0,0
tacagccactc,PBANKA_080820,0,0,0,0,3,3,12,13,0,0,0,0,0,0,0,0,0,0,0,0,0,0,0,0,0,0,0,0,0,0,0,0,0,0,0,0,0,0,0,0,0,0,0,0
tacagctagcc,PBANKA_144140,0,0,0,0,0,0,6,7,0,0,0,0,0,0,0,0,0,0,0,0,0,0,0,0,0,0,0,0,0,0,0,0,0,0,0,0,0,0,0,0,0,0,0,0
taccaagattc,PBANKA_070210,0,0,0,0,0,0,0,0,7,7,0,0,0,0,1,1,2,2,0,0,0,0,0,0,0,0,0,0,2,2,0,0,0,0,0,0,0,0,0,0,0,0,0,0
tacctatgaca,PBANKA_091980,0,0,0,0,0,0,10,10,0,0,0,0,0,0,0,0,0,0,0,0,0,0,0,0,0,0,0,0,0,0,0,0,0,0,0,0,0,0,0,0,0,0,0,0
tacctgatcta,PBANKA_083560,0,0,0,0,2,2,0,0,0,0,0,0,0,0,0,0,0,0,0,0,0,0,0,0,0,0,0,0,0,0,0,0,0,0,0,0,0,0,0,0,0,0,0,0
tacgcaccggc,PBANKA_144260,0,0,0,0,0,0,4,5,0,0,0,0,0,0,0,0,0,0,0,0,0,0,0,0,0,0,0,0,0,0,0,0,0,0,0,0,0,0,0,0,0,0,0,0
tactaccatcg,PBANKA_112980,0,0,0,0,0,0,1,1,0,0,0,0,0,0,0,0,0,0,0,0,0,0,0,0,0,0,0,0,0,0,0,0,0,0,0,0,0,0,0,0,0,0,0,0
tactgtgacgg,PBANKA_133060,2281,2292,48,51,10,10,237,235,0,0,0,0,0,0,1,1,0,0,1,1,1,0,167,168,182,179,0,0,0,0,0,0,0,0,122,124,131,132,0,0,0,0,217,220
tacttcgccaa,PBANKA_110800,0,0,0,0,0,0,0,0,33,36,9,9,13,13,0,0,3,3,0,0,1,1,0,0,1,1,3,3,3,3,3,4,5,5,0,0,3,3,0,0,3,3,0,0
tagctgaagta,PBANKA_113950,0,0,0,0,2,2,19,18,0,0,0,0,0,0,0,0,0,0,0,0,0,0,0,0,0,0,0,0,0,0,0,0,0,0,0,0,0,0,0,0,0,0,0,0
tagtccgatca,PBANKA_141850,0,0,4,3,6,6,48,49,0,0,0,0,0,0,0,0,0,0,0,0,0,0,0,0,0,0,0,0,0,0,0,0,0,0,8,8,0,0,0,0,0,0,0,0
tagtgattctc,PBANKA_114430,0,0,0,0,0,0,2,2,0,0,0,0,0,0,0,0,0,0,0,0,0,0,0,0,0,0,0,0,0,0,0,0,0,0,0,0,0,0,0,0,0,0,0,0
tagttgggatc,PBANKA_020230,0,0,0,0,0,0,3,3,0,0,0,0,0,0,0,0,0,0,0,0,0,0,0,0,0,0,0,0,0,0,0,0,0,0,0,0,0,0,0,0,0,0,0,0
tatacctaaag,PBANKA_093210,0,0,34,32,4,4,9,9,0,0,0,0,0,0,0,0,0,0,0,0,0,0,0,0,0,0,0,0,0,0,0,0,0,0,1,1,0,0,0,0,0,0,0,0
tatactaacag,PBANKA_144490,0,0,0,0,0,0,0,0,0,0,0,0,0,0,0,0,0,0,0,0,0,0,0,0,0,0,0,0,0,0,0,0,0,0,0,0,0,0,0,0,2,2,0,0
tatgcatttcg,PBANKA_121080,2548,2554,2414,2394,2973,2964,2196,2165,197,196,442,444,31,30,1,1,1,0,455,446,375,368,0,0,0,0,0,0,0,0,508,506,601,609,0,1,1,1,2,1,791,785,4,3
tattcattaac,PBANKA_020260,787,827,1459,1502,10269,10748,361,368,112,116,1725,1837,137,144,42,45,21,22,1466,1525,857,888,9,9,3,4,50,55,6,7,896,952,492,521,1,2,1,2,0,2,2237,2354,1,2
tcaaaggtgcg,PBANKA_103560,0,0,41,39,2,2,57,57,0,0,0,0,0,0,0,0,0,0,0,0,0,0,0,0,0,0,0,0,0,0,0,0,0,0,0,0,0,0,0,0,0,0,0,0
tcaacaagtag,PBANKA_082960,0,0,0,0,24,22,56,55,0,0,0,0,0,0,0,0,0,0,0,0,0,0,0,0,0,0,0,0,0,0,0,0,0,0,0,0,0,0,0,0,0,0,0,0
tcaattatgta,PBANKA_143610,3853,3882,335,330,254,256,643,640,0,0,20,21,499,493,1,1,4,3,1,1,3,3,3,4,2,2,1,1,0,0,0,0,1,1,0,0,7,7,5,5,0,0,0,0
tcactcatttc,PBANKA_072060,0,0,0,0,0,0,1,1,0,0,0,0,0,0,0,0,0,0,0,0,0,0,0,0,0,0,0,0,0,0,0,0,0,0,0,0,0,0,0,0,0,0,0,0
tcaggaagtta,PBANKA_103830,0,0,46,42,12,13,56,54,0,0,0,0,0,0,0,0,0,0,0,0,0,0,0,0,0,0,0,0,0,0,0,0,0,0,0,0,0,0,0,0,0,0,0,0
tcaggggccca,PBANKA_145010,0,0,0,0,0,0,1,1,0,0,0,0,0,0,0,0,0,0,0,0,0,0,0,0,0,0,0,0,0,0,0,0,0,0,0,0,0,0,0,0,0,0,0,0
tcagttcgggt,PBANKA_010150,0,0,0,0,3,3,0,0,0,0,0,0,0,0,0,0,0,0,0,0,0,0,0,0,0,0,0,0,0,0,0,0,0,0,0,0,0,0,0,0,0,0,0,0
tcatttctagc,PBANKA_040930,0,0,0,0,0,0,0,0,0,0,0,0,4,4,0,0,0,0,0,0,0,0,0,0,0,0,0,0,0,0,0,0,0,0,0,0,0,0,0,0,0,0,0,0
tccatgcgcga,PBANKA_122320,0,0,0,0,1,1,0,0,0,0,0,0,0,0,0,0,0,0,0,0,0,0,0,0,0,0,0,0,0,0,0,0,0,0,0,0,0,0,0,0,0,0,0,0
tcccccgtaca,PBANKA_135200,0,0,0,0,0,0,10,10,0,0,0,0,0,0,0,0,0,0,0,0,0,0,0,0,0,0,0,0,0,0,0,0,0,0,0,0,0,0,0,0,0,0,0,0
tccgcgcctgc,PBANKA_145600,0,0,0,0,2,2,0,0,0,0,0,0,0,0,0,0,0,0,0,0,0,0,0,0,0,0,0,0,0,0,0,0,0,0,0,0,0,0,0,0,0,0,0,0
tccggaaacgc,PBANKA_101140,0,0,0,0,3,3,2,2,0,0,0,0,0,0,0,0,0,0,0,0,0,0,0,0,0,0,0,0,0,0,0,0,0,0,0,0,0,0,0,0,0,0,0,0
tcctactctcc,PBANKA_120060,0,0,0,0,1,1,0,0,0,0,0,0,0,0,0,0,0,0,0,0,0,0,0,0,0,0,0,0,0,0,0,0,0,0,0,0,0,0,0,0,0,0,0,0
tcgaaacatga,PBANKA_143870,0,0,0,0,0,0,0,0,5,5,0,0,0,0,0,0,0,0,0,0,1,1,0,0,1,1,0,0,0,0,0,0,0,0,0,0,1,1,0,0,0,0,0,0
tcgacaccaac,PBANKA_061540,2800,2879,252,260,45,47,13,13,14,16,0,1,0,0,0,0,0,0,47,47,42,41,2,2,0,0,0,0,0,0,4,4,6,6,0,0,1,2,0,0,0,0,0,0
tcgacagagag,PBANKA_142750,0,0,0,0,0,0,0,0,0,0,33,32,0,0,0,0,5,5,0,0,0,0,0,0,0,0,0,0,2,2,0,0,2,2,0,0,0,0,0,0,1,1,0,0
tcgcatagtcc,PBANKA_050440,0,0,0,0,0,0,3,3,0,0,0,0,0,0,0,0,0,0,0,0,0,0,0,0,0,0,0,0,0,0,0,0,0,0,0,0,0,0,0,0,0,0,0,0
tcgcgtaaaga,PBANKA_112490,1603,1598,136,133,446,428,242,240,6,6,86,86,161,165,3,1,3,3,0,0,0,0,0,0,0,0,0,0,1,0,0,0,0,0,2,1,3,3,0,0,0,0,0,0
tcgctacacat,PBANKA_100010,0,0,42,43,4,4,20,22,0,0,0,0,0,0,0,0,0,0,0,0,0,0,0,0,0,0,0,0,0,0,0,0,0,0,0,0,0,0,0,0,0,0,0,0
tcgctgtgagc,PBANKA_134020,1989,1998,96,95,554,551,18,17,21,21,121,118,0,0,3,3,0,0,14,15,15,16,1,0,1,1,0,0,0,0,0,0,0,0,0,0,1,1,0,0,0,0,0,0
tcggagggtcc,PBANKA_123320,0,0,29,28,7,7,38,36,0,0,0,0,0,0,0,0,0,0,0,0,0,0,0,0,0,0,0,0,0,0,0,0,0,0,0,0,0,0,0,0,0,0,0,0
tcgggcggcac,PBANKA_060280,0,0,0,0,0,0,14,13,0,0,0,0,0,0,0,0,0,0,0,0,0,0,0,0,0,0,0,0,0,0,0,0,0,0,0,0,0,0,0,0,0,0,0,0
tcgtcgccctg,PBANKA_134660,0,0,0,0,5,5,21,21,0,0,0,0,0,0,0,0,0,0,0,0,0,0,0,0,0,0,0,0,0,0,0,0,0,0,0,0,0,0,0,0,0,0,0,0
tcgtgcacacg,PBANKA_102260,0,0,0,0,0,0,0,0,0,0,0,0,0,0,0,0,0,0,0,0,0,0,0,0,0,0,0,0,0,0,0,0,0,0,0,0,0,0,0,0,3,3,0,0
tctcaagggtc,PBANKA_020010,0,0,0,0,0,0,5,4,0,0,0,0,0,0,0,0,0,0,0,0,0,0,0,0,0,0,0,0,0,0,0,0,0,0,0,0,0,0,0,0,0,0,0,0
tctcggttat,PBANKA_061670,0,0,0,0,2,2,0,0,35,35,0,0,19,19,0,0,4,4,0,0,0,0,4,4,0,0,3,3,5,5,2,2,3,3,0,0,0,0,0,0,1,1,0,0
tctctgaatca,PBANKA_122990,0,0,0,0,0,0,6,6,0,0,0,0,0,0,0,0,0,0,0,0,0,0,0,0,0,0,0,0,0,0,0,0,0,0,0,0,0,0,0,0,0,0,0,0
tctgagcactg,PBANKA_091010,2673,2700,1439,1453,3156,3171,2819,2828,207,205,262,261,208,210,21,23,13,13,19,21,13,13,45,44,41,42,2,2,1,1,14,13,23,22,9,9,14,11,3,3,0,0,1,1
tctgtctgtgc,PBANKA_145030,0,0,0,0,0,0,0,0,0,0,0,0,0,0,0,0,0,0,0,0,0,0,0,0,0,0,0,0,0,0,0,0,0,0,0,0,0,0,0,0,0,0,2,2
tctttcgtgcg,PBANKA_145330,0,0,0,0,0,0,19,19,0,0,0,0,0,0,0,0,0,0,0,0,0,0,0,0,0,0,0,0,0,0,0,0,0,0,0,0,0,0,0,0,0,0,0,0
tgaacccggtg,PBANKA_131430,0,0,0,0,0,0,2,3,0,0,1,0,0,0,0,0,0,0,0,0,0,0,1,0,0,0,0,0,0,0,0,0,1,0,0,0,0,0,0,0,0,0,0,0
tgacgcgcata,PBANKA_040290,185,183,199,202,86,87,255,259,3,3,1,1,0,0,0,0,0,0,0,0,0,0,0,0,0,0,0,0,0,0,0,0,0,0,0,0,0,0,0,0,0,0,0,0
tgacttaacat,PBANKA_101390,0,0,39,38,0,0,8,8,1,1,0,0,0,0,0,0,0,0,0,0,0,0,0,0,0,0,0,0,0,0,0,0,0,0,0,0,0,0,0,0,0,0,0,0
tgagaaagctg,PBANKA_114530,0,0,0,0,0,0,0,0,0,0,25,25,0,0,0,0,0,0,0,0,0,0,0,0,0,0,0,0,0,0,0,0,0,0,0,0,0,0,0,0,0,0,0,0
tgagagccata,PBANKA_051970,0,0,0,0,1,1,0,0,0,0,0,0,0,0,0,0,0,0,0,0,0,0,0,0,0,0,0,0,0,0,0,0,0,0,0,0,0,0,0,0,0,0,0,0
tgaggcagact,PBANKA_114340,0,0,136,135,0,0,0,0,0,0,0,0,0,0,0,0,0,0,0,0,0,0,0,0,0,0,0,0,0,0,0,0,0,0,2,2,0,0,0,0,0,0,0,0
tgcaggacagc,PBANKA_081950,0,0,0,0,0,0,0,0,21,20,12,13,0,0,0,0,0,0,0,0,0,0,1,1,0,0,4,4,7,8,0,0,0,0,3,3,0,0,0,0,2,2,0,0
tgcatcggctg,PBANKA_080550,0,0,34,36,0,0,0,0,0,0,0,0,0,0,0,0,0,0,0,0,0,0,0,0,0,0,0,0,0,0,0,0,0,0,0,0,0,0,0,0,0,0,0,0
tgcatgttcca,PBANKA_060380,0,0,0,0,2,3,0,0,0,0,0,0,0,0,0,0,0,0,0,0,0,0,0,0,0,0,0,0,0,0,0,0,0,0,0,0,0,0,0,0,0,0,0,0
tgccttgtatg,PBANKA_051490,1773,1787,44841,44766,30562,30394,59035,58570,14290,14379,8696,8784,15221,15353,19920,20087,17279,17346,9201,9262,7387,7425,20558,20670,15772,15860,21203,21257,23269,23485,6071,6107,10088,10132,16574,16712,22987,23247,23886,24015,5321,5374,16265,16408
tgctacgtaat,PBANKA_083100,0,0,0,0,0,0,5,5,0,0,0,0,0,0,0,0,0,0,0,0,0,0,0,0,0,0,0,0,0,0,0,0,0,0,0,0,0,0,0,0,0,0,0,0
tgctccctggg,PBANKA_020510,0,0,0,0,0,0,0,0,51,50,28,28,0,0,2,2,6,6,2,2,0,0,0,0,1,1,3,3,6,6,0,0,3,3,0,0,2,2,0,0,25,26,4,4
tgctgctagtt,PBANKA_130560,0,0,4,4,9,9,51,52,0,0,0,0,0,0,0,0,0,0,0,0,0,0,0,0,0,0,0,0,0,0,0,0,0,0,0,0,0,0,0,0,0,0,0,0
tggacatcgcc,PBANKA_050320,0,0,0,0,0,0,41,40,0,0,0,0,0,0,0,0,0,0,0,0,0,0,0,0,0,0,0,0,0,0,0,0,0,0,0,0,0,0,0,0,0,0,0,0
tggcagggagg,PBANKA_140490,0,0,24,19,9,8,19,14,0,0,0,0,0,0,0,0,0,0,0,0,0,0,0,0,0,0,0,0,0,0,0,0,0,0,0,0,0,0,0,0,0,0,0,0
tggcgtgtgtg,PBANKA_120450,0,0,1,0,0,0,0,0,0,0,0,0,0,0,0,0,0,0,1,0,0,0,0,0,0,0,0,0,0,0,0,0,0,0,0,0,0,0,0,0,0,0,0,0
tggcttcgctc,PBANKA_081910,0,0,0,0,0,0,1,1,0,0,0,0,0,0,0,0,0,0,0,0,0,0,0,0,0,0,0,0,0,0,0,0,0,0,0,0,0,0,0,0,0,0,0,0
tgggaggaccc,PBANKA_121230,3280,3346,1915,1949,2134,2157,2711,2713,200,207,236,251,165,164,0,0,0,0,0,0,4,4,1,1,0,0,2,2,0,0,0,0,0,0,0,0,1,0,3,3,0,0,0,0
tggtcgatcaa,PBANKA_094080,0,0,0,0,0,0,2,0,0,0,0,0,0,0,0,0,0,0,0,0,1,0,0,0,0,0,0,0,0,0,0,0,0,0,0,0,0,0,0,0,0,0,0,0
tggtctcagtt,PBANKA_103260,0,0,0,0,0,0,2,2,0,0,0,0,0,0,0,0,0,0,0,0,0,0,0,0,0,0,0,0,0,0,0,0,0,0,0,0,0,0,0,0,0,0,0,0
tggtgaataaa,PBANKA_102910,0,0,0,0,0,0,5,5,0,0,0,0,0,0,0,0,0,0,0,0,0,0,0,0,0,0,0,0,0,0,0,0,0,0,0,0,0,0,0,0,0,0,0,0
tgtaagtgaac,PBANKA_124440,0,0,55,57,0,0,0,0,0,0,0,0,0,0,0,0,0,0,0,0,0,0,0,0,0,0,0,0,0,0,0,0,1,1,0,0,0,0,0,0,0,0,0,0
tgtaatcgcgc,PBANKA_092810,0,0,0,0,0,0,1,1,0,0,0,0,0,0,0,0,0,0,0,0,0,0,0,0,0,0,0,0,0,0,0,0,0,0,0,0,0,0,0,0,0,0,0,0
tgtacccttta,PBANKA_021390,0,0,23,24,2,2,0,0,0,0,0,0,0,0,0,0,0,0,0,0,0,0,0,0,0,0,0,0,0,0,0,0,0,0,0,0,0,0,0,0,0,0,0,0
tgtacttgttt,PBANKA_133460,0,0,30,30,15,15,1270,1255,0,0,0,0,0,0,0,0,0,0,0,0,0,0,0,0,0,0,0,0,0,0,0,0,0,0,0,0,0,0,0,0,0,0,0,0
tgtcacgatac,PBANKA_071830,0,0,0,0,0,0,0,0,0,0,3,4,16,18,4,5,7,7,0,0,0,0,0,0,0,0,3,4,7,8,2,2,0,0,0,0,3,4,12,12,9,9,2,2
tgtccggtgcc,PBANKA_092660,0,0,0,0,0,0,0,0,0,0,15,16,0,0,1,1,5,5,0,0,0,0,0,0,0,0,5,5,4,5,0,0,0,0,0,0,0,0,0,0,7,7,0,0
tgtcctaaaga,PBANKA_121950,0,0,0,0,0,0,103,95,0,0,0,0,0,0,0,0,0,0,0,0,0,0,0,0,0,0,0,0,0,0,0,0,0,0,0,0,0,0,0,0,0,0,0,0
tgtcgaagttg,PBANKA_101080,0,0,0,0,8,8,0,0,0,0,0,0,0,0,0,0,0,0,0,0,0,0,0,0,0,0,0,0,0,0,0,0,0,0,0,0,0,0,0,0,0,0,0,0
tgtgcaacaac,PBANKA_090200,0,0,100,99,0,0,0,0,0,0,0,0,0,0,0,0,0,0,0,0,0,0,0,0,0,0,0,0,0,0,0,0,0,0,0,0,0,0,0,0,0,0,0,0
tgtgcattttg,PBANKA_124040,0,0,0,0,0,1,0,0,0,0,0,0,0,0,0,0,0,0,0,0,0,0,0,0,0,0,0,0,0,0,0,0,0,0,0,0,0,0,0,0,0,0,0,0
tgttatcccgc,PBANKA_061420,0,0,0,0,0,0,0,1,0,0,0,0,0,0,0,0,0,0,0,0,0,0,0,0,0,0,0,0,0,0,0,0,0,0,0,0,0,0,0,0,0,0,0,0
tgttgagacag,PBANKA_041810,0,0,0,0,1,0,0,0,0,0,0,0,0,0,0,0,0,0,0,0,0,0,0,0,0,0,0,0,0,0,0,0,0,0,0,0,0,0,0,0,0,0,0,0
tgttgccataa,PBANKA_050260,0,0,0,0,0,0,7,7,0,0,0,0,0,0,0,0,0,0,0,0,0,0,0,0,0,0,0,0,0,0,0,0,0,0,0,0,0,0,0,0,0,0,0,0
tgtttccgttg,PBANKA_051820,0,0,32,32,0,0,0,0,0,0,0,0,0,0,0,0,0,0,0,0,0,0,0,0,0,0,0,0,0,0,0,0,0,0,0,0,0,0,0,0,0,0,0,0
ttaaagtgatt,PBANKA_112620,0,0,0,0,0,0,0,0,0,0,0,0,0,0,0,0,2,2,0,0,0,0,0,0,0,0,4,3,0,0,3,3,1,1,0,0,1,1,3,3,0,0,0,0
ttaattgcgac,PBANKA_121260,0,0,0,0,0,0,16,16,0,0,0,0,0,0,0,0,0,0,0,0,0,0,0,0,0,0,0,0,0,0,0,0,0,0,0,0,0,0,0,0,0,0,0,0
ttacatgctgg,PBANKA_145700,0,0,0,0,0,0,0,0,0,0,17,17,39,39,0,0,1,1,0,0,0,0,0,0,0,0,0,0,5,5,0,0,0,0,0,0,0,0,0,0,0,0,3,3
ttacgatgatt,PBANKA_041570,0,0,0,0,0,0,0,1,0,0,0,0,0,0,0,0,0,0,0,0,0,0,0,0,0,0,0,0,0,0,0,0,0,0,0,0,0,0,0,0,0,0,0,0
ttagacgcatc,PBANKA_130260,0,0,0,0,1,1,5,5,0,0,0,0,0,0,0,0,0,0,0,0,0,0,0,0,0,0,0,0,0,0,0,0,0,0,0,0,0,0,0,0,0,0,0,0
ttagttaaaga,PBANKA_111300,0,0,0,0,0,0,9,9,0,0,0,0,0,0,0,0,0,0,0,0,0,0,0,0,0,0,0,0,0,0,0,0,0,0,0,0,0,0,0,0,0,0,0,0
ttataagtcta,PBANKA_080690,0,0,28,28,0,0,13,13,0,0,0,0,0,0,0,0,0,0,0,0,0,0,0,0,0,0,0,0,0,0,0,0,0,0,0,0,0,0,0,0,0,0,0,0
ttatgctaagg,PBANKA_092980,0,0,0,0,0,0,0,0,0,0,0,0,20,20,0,0,0,0,0,0,0,0,0,0,0,0,0,0,0,0,0,0,0,0,0,0,0,0,0,0,0,0,0,0
ttcaaattaac,PBANKA_071330,0,0,82,81,0,0,0,0,0,0,0,0,0,0,0,0,1,1,0,0,0,0,0,0,0,0,0,0,0,0,0,0,0,0,0,0,0,0,0,0,0,0,0,0
ttcaactggat,PBANKA_140340,0,0,0,0,0,0,9,9,0,0,0,0,0,0,0,0,0,0,0,0,0,0,0,0,0,0,0,0,0,0,0,0,0,0,0,0,0,0,0,0,0,0,0,0
ttcatgagcat,PBANKA_143520,0,0,30,31,65,65,44,45,0,0,0,0,0,0,0,0,0,0,0,0,0,0,0,0,0,0,0,0,0,0,0,0,0,0,0,0,0,0,0,0,0,0,0,0
ttccaccttac,PBANKA_030600-ko,0,0,0,0,8,9,1,2,0,0,0,0,0,0,0,0,0,0,0,0,0,0,0,0,0,0,0,0,0,0,0,0,0,0,0,0,0,0,0,0,0,0,0,0
ttcctcggatc,PBANKA_101050,0,0,0,0,0,0,4,4,0,0,0,0,0,0,0,0,0,0,0,0,0,0,0,0,0,0,0,0,0,0,0,0,0,0,0,0,0,0,0,0,0,0,0,0
ttcgctcggtg,PBANKA_030170,2225,2222,530,517,900,892,573,565,0,0,119,118,194,195,0,0,2,3,28,28,58,57,7,7,14,13,0,0,0,0,3,3,1,1,0,0,4,4,0,0,1,1,1,1
ttcggaccgta,PBANKA_052040,3805,3805,166,164,117,113,3736,3690,12,12,79,78,633,638,4,5,2,2,169,171,141,139,2537,2526,2583,2590,5,5,1,2,1,1,0,1,2278,2269,2510,2510,3,3,3,2,2108,2104
ttcggtatcgg,PBANKA_133810,0,0,0,0,0,0,0,0,7,7,0,0,0,0,0,0,0,0,0,0,0,0,0,0,0,0,0,0,0,0,0,0,0,0,4,4,0,0,0,0,0,0,0,0
ttcgtaccgat,PBANKA_146610,1,0,0,0,0,0,0,0,0,0,0,0,0,0,0,0,0,0,0,0,0,0,0,0,0,0,0,0,0,0,0,0,0,0,0,0,0,0,0,0,0,0,0,0
ttctagttcat,PBANKA_010550,1218,1195,612,607,478,474,1330,1288,0,0,0,0,0,0,1,1,1,0,0,0,0,0,0,0,0,0,0,0,0,0,0,0,0,0,0,0,0,0,5,5,0,0,0,0
ttctagtttat,PBANKA_010100,0,0,2,2,0,0,0,1,0,0,0,0,0,0,0,0,0,0,0,0,0,0,0,0,0,0,0,0,0,0,0,0,0,0,0,0,0,0,0,0,0,0,0,0
ttctggggaag,PBANKA_050265,0,0,0,0,4,4,0,0,0,0,0,0,0,0,0,0,0,0,0,0,0,0,0,0,0,0,0,0,0,0,0,0,0,0,0,0,0,0,0,0,0,0,0,0
ttcttctaccg,PBANKA_094160,1563,1570,879,899,878,890,1937,1942,52,52,92,91,51,53,0,0,0,0,50,49,17,18,80,78,95,96,5,5,2,2,0,0,0,0,93,90,97,98,218,224,0,0,0,0
ttgcccttacc,PBANKA_122010,0,0,0,0,0,0,7,8,0,0,0,0,0,0,0,0,0,0,0,0,0,0,0,0,0,0,0,0,0,0,0,0,0,0,0,0,0,0,0,0,0,0,0,0
ttgctccgagt,PBANKA_090620,0,0,16,16,19,18,39,37,0,0,0,0,0,0,0,0,0,0,0,0,0,0,0,0,0,0,0,0,0,0,0,0,0,0,0,0,0,0,0,0,0,0,0,0
ttggggtgaca,PBANKA_092640,0,0,41,41,17,17,29,29,0,0,0,0,0,0,0,0,0,0,0,0,0,0,0,0,0,0,0,0,0,0,0,0,0,0,0,0,0,0,0,0,0,0,0,0
ttggtgcacga,PBANKA_123030,0,0,0,0,4,4,0,0,0,0,0,0,0,0,0,0,0,0,0,0,0,0,0,0,0,0,0,0,0,0,0,0,0,0,0,0,0,0,0,0,0,0,0,0
ttgtcaggtcg,PBANKA_121730,0,0,0,0,0,0,56,55,0,0,0,0,0,0,0,0,0,0,0,0,0,0,0,0,0,0,0,0,0,0,0,0,0,0,0,0,0,0,0,0,0,0,0,0
ttgtcgccgtc,PBANKA_092970,0,0,0,0,0,0,0,0,0,0,8,8,17,19,1,1,5,5,0,0,0,0,0,0,0,0,1,1,5,5,0,0,9,9,5,6,4,4,2,2,0,0,0,0
tttacggagat,PBANKA_145920,0,0,0,0,0,0,0,0,0,0,0,0,0,0,0,0,0,0,0,0,0,0,0,0,1,1,1,1,0,0,1,1,0,0,2,2,0,2,0,0,0,0,0,0
tttagacatac,PBANKA_111370,0,0,0,0,3,4,0,0,0,0,0,0,0,0,0,0,0,0,0,0,0,0,0,0,0,0,0,0,0,0,0,0,0,0,0,0,0,0,0,0,0,0,0,0
tttagtcccct,PBANKA_113240,0,0,68,68,5,5,0,0,0,0,0,0,0,0,0,0,0,0,0,0,0,0,0,0,0,0,0,0,0,0,1,1,0,0,0,0,0,0,0,0,0,0,1,1
tttctggtaag,PBANKA_124200,0,0,0,0,0,0,0,0,0,0,0,0,0,0,0,0,2,2,0,0,0,0,1,1,0,0,0,0,0,0,0,0,0,0,0,0,0,0,0,0,0,0,0,0
tttctgtagac,PBANKA_041040,0,0,52,51,0,0,0,0,0,0,0,0,0,0,0,0,0,0,0,0,0,0,0,0,0,0,0,0,0,0,0,0,0,0,0,0,0,0,0,0,0,0,0,0
tttgacgcaaa,PBANKA_123490,0,0,0,0,0,0,0,0,10,10,15,14,0,0,0,0,0,0,0,0,0,0,1,1,1,1,0,0,0,0,0,0,0,0,0,0,0,0,0,0,0,0,0,0
tttgattttat,PBANKA_030600,0,0,0,0,4,4,0,0,0,0,0,0,0,0,0,0,0,0,0,0,0,0,0,0,0,0,0,0,0,0,0,0,0,0,0,0,0,0,0,0,0,0,0,0
tttgcgtatgt,PBANKA_070220,0,0,0,0,0,0,7,7,0,0,0,0,0,0,0,0,0,0,0,0,0,0,0,0,0,0,0,0,0,0,0,0,0,0,0,0,0,0,0,0,0,0,0,0
tttgtttaacc,PBANKA_031330,0,0,0,0,5,5,0,0,0,0,0,0,0,0,0,0,0,0,0,0,0,0,0,0,0,0,0,0,0,0,0,0,0,0,0,0,0,0,0,0,0,0,0,0
