"barcode","gene","1.1","1.2","2.1","2.2","3.1","3.2","4.1","4.2","5.1","5.2","6.1","6.2","7.1","7.2","8.1","8.2","9.1","9.2","10.1","10.2","11.1","11.2","12.1","12.2","13.1","13.2","14.1","14.2","15.1","15.2","16.1","16.2","17.1","17.2","18.1","18.2","19.1","19.2","20.1","20.2","21.1","21.2","22.1","22.2","23.1","23.2","24.1","24.2","25.1","25.2","26.1","26.2","27.1","27.2","28.1","28.2","29.1","29.2","30.1","30.2","31.1","31.2","32.1","32.2"
"no_match","",12729,14485,6284,6964,15502,17491,7136,8131,12108,14256,9257,9950,14063,16493,7436,7819,20572,22624,11091,12597,12977,16757,8759,9926,19631,21511,18020,20375,19987,22185,21054,22651,27054,29538,16710,18902,26729,27444,10869,11826,23916,25451,8915,9552,32548,33485,20687,21400,15957,17781,16917,18347,18220,19214,15899,16907,20148,21209,25292,26670,17315,20677,31586,32691
"aaaacatagta","PBANKA_143690",0,0,0,0,0,0,0,0,0,0,0,0,0,0,0,0,0,0,0,0,0,0,0,0,0,0,0,0,0,0,0,0,0,0,0,0,0,0,0,0,0,0,0,0,0,0,0,0,0,0,0,1,0,0,0,0,0,0,0,0,0,0,0,0
"aaaacgcaagg","PBANKA_122750",0,0,0,0,0,0,0,0,0,0,0,0,0,0,0,0,0,0,0,0,0,0,0,0,0,0,0,0,0,0,0,0,0,0,0,0,0,0,0,0,0,0,0,0,0,0,0,0,0,0,0,0,0,0,0,0,0,0,0,0,0,0,3,3
"aaaaggaagga","PBANKA_101210",0,0,0,0,0,0,0,0,0,0,0,0,0,0,0,0,0,0,0,0,0,0,0,0,0,0,0,0,0,0,0,0,0,0,0,0,0,0,0,0,0,1,0,0,0,0,0,0,0,0,0,0,0,0,0,0,0,0,0,0,0,0,0,0
"aaaccccgaca","PBANKA_040760",0,0,0,0,0,0,0,0,0,0,0,0,0,0,0,0,0,0,0,0,0,0,0,0,0,0,0,0,0,0,0,0,0,0,0,0,0,0,82,80,0,0,0,0,0,0,0,0,0,0,0,0,0,0,0,0,0,0,0,0,0,0,0,0
"aaagctaaccg","PBANKA_094010",0,0,0,0,0,0,0,0,0,0,1,1,0,0,0,0,0,0,0,0,0,0,0,0,0,0,0,0,0,0,0,0,0,0,0,0,0,0,80,77,0,0,1,1,26,26,24,23,0,0,0,0,0,0,0,0,0,0,0,0,0,0,0,0
"aaagtaacgag","PBANKA_145000",0,0,0,0,0,0,0,0,0,0,0,0,1,1,0,0,0,0,0,0,0,0,0,0,0,0,0,0,0,0,0,0,0,0,0,0,0,0,239,236,0,0,0,0,0,0,0,0,0,0,0,0,0,0,0,0,0,0,0,0,0,0,0,0
"aaatgccgcga","PBANKA_113420",0,0,0,0,0,0,0,0,0,0,0,0,0,1,0,0,0,0,0,0,0,0,0,0,0,0,0,0,0,0,0,0,0,0,0,0,0,0,866,837,0,0,2,2,0,1,18,18,0,0,0,0,0,0,0,0,0,0,0,0,0,0,0,0
"aaattggatca","PBANKA_010720",0,0,0,0,0,0,0,0,0,0,0,0,0,0,0,0,0,0,0,0,0,0,0,0,0,0,0,0,0,0,0,0,0,0,0,0,0,0,0,0,0,0,0,0,0,0,1,1,0,0,0,0,1,1,0,0,0,0,0,0,0,0,0,0
"aacaagaaaaa","PBANKA_143240",0,0,0,0,0,0,0,0,0,0,0,0,0,0,0,0,0,0,0,0,0,0,1,0,0,0,0,0,0,0,0,0,0,0,0,0,0,0,0,0,0,0,0,0,0,0,0,0,0,0,0,0,0,0,0,0,0,0,0,0,0,0,0,0
"aacacaaccgc","PBANKA_140160",5,4,5,4,18,16,8,8,25,27,20,22,0,0,0,0,0,0,0,0,0,0,0,0,0,0,0,0,0,0,0,0,0,0,0,0,0,0,0,0,0,0,0,0,0,0,0,0,20,21,15,15,0,0,0,0,0,0,0,0,0,0,0,0
"aacagatagtc","PBANKA_142880",0,0,0,0,0,0,0,0,0,0,0,0,0,0,0,0,0,0,0,0,0,0,0,0,0,0,0,0,0,0,0,0,0,0,0,0,0,0,0,0,0,0,0,0,0,0,2,2,0,0,0,0,0,0,0,0,0,0,0,0,0,0,2,2
"aaccgatgcac","PBANKA_103330",2,2,2,2,0,5,0,0,1,1,0,0,0,2,0,0,0,0,3,3,1,2,1,2,0,0,2,1,2,2,2,3,1,1,0,0,54,52,1,1,54,54,7,7,66,70,3,3,2029,2088,1907,2002,5536,5805,4965,5219,1995,2099,2710,2854,6245,6379,6379,6637
"aacgccaaacc","PBANKA_112010",0,0,0,0,0,0,0,0,1,0,1,1,0,0,0,0,0,0,1,0,0,0,2,2,0,0,0,0,1,0,0,0,0,0,1,0,8,8,0,0,11,12,0,0,14,13,0,0,686,684,649,654,473,469,412,425,690,687,1026,1035,687,665,783,797
"aacgttcccat","PBANKA_010360",0,0,0,0,1,0,0,0,0,0,0,0,0,0,0,0,0,0,0,1,0,0,0,0,0,0,0,0,0,0,0,0,0,0,0,0,0,0,0,0,1,0,0,0,0,0,0,0,0,0,1,0,0,0,0,0,0,0,0,0,0,0,0,0
"aactagtccct","PBANKA_071750",0,0,0,0,1,1,0,0,1,1,0,0,0,0,0,0,0,0,0,0,1,1,0,0,3,2,0,0,0,0,0,1,2,2,1,0,7,7,0,0,44,42,1,0,48,50,0,0,1710,1649,1483,1452,726,738,752,726,805,777,919,896,97,91,187,177
"aactgtgtcta","PBANKA_010890",0,0,0,0,0,0,0,0,0,0,0,0,0,0,0,0,0,0,0,0,0,0,0,0,0,0,0,0,0,0,0,0,0,0,0,0,4,4,0,0,0,0,0,0,0,0,0,0,0,0,0,0,0,0,0,0,0,0,0,0,0,0,5,4
"aagaaagaaat","PBANKA_122230",1693,1642,517,510,1153,1109,434,431,1926,1862,1154,1116,2389,2324,403,397,1794,1746,638,632,1667,1616,704,694,2319,2241,2026,1984,1725,1665,1699,1659,2363,2300,2327,2265,1898,1851,1,0,1130,1107,392,379,1914,1878,968,948,6,7,11,12,0,0,3,2,5,4,2,0,2,1,1,1
"aagggactgct","PBANKA_102250",1,1,0,0,0,1,0,0,0,0,0,0,0,0,0,0,0,0,0,0,0,0,0,0,0,0,0,0,0,0,0,0,0,0,0,0,0,0,0,0,0,0,0,0,0,0,0,0,0,0,0,0,0,0,0,0,0,0,0,0,0,0,0,0
"aatacatagaa","PBANKA_123070",1,1,0,0,0,1,0,0,1,1,0,0,0,0,0,0,0,0,2,2,0,0,0,0,0,0,0,0,2,2,0,0,2,2,1,1,13,14,1,1,7,9,0,0,45,49,0,0,894,943,817,858,1209,1249,1011,1045,844,879,1092,1146,477,476,480,507
"aatatgaacac","PBANKA_080330",0,0,0,0,0,0,0,0,0,0,0,0,0,0,0,0,0,0,0,0,0,0,0,0,0,0,0,0,0,0,0,0,0,0,0,0,0,0,0,0,0,0,0,0,0,0,0,0,0,0,0,0,0,0,0,1,0,0,0,1,0,0,0,0
"aatcagcgcta","PBANKA_051100",0,0,0,0,0,0,0,0,3,3,0,0,0,0,0,0,0,0,0,0,0,0,0,0,0,0,0,0,0,0,0,0,0,0,0,0,2,1,13,13,0,0,0,0,0,0,12,13,0,0,0,0,0,0,0,0,0,0,0,0,0,0,18,18
"aatcctttact","PBANKA_040820",2,2,0,0,0,0,0,0,0,0,2,1,0,0,0,0,0,0,0,0,0,0,0,0,0,0,0,0,0,0,0,0,0,0,0,0,0,0,523,522,0,0,0,0,0,0,0,0,0,0,0,0,0,0,0,0,0,0,0,0,0,0,0,0
"aatctagggaa","PBANKA_000378",0,0,0,0,0,1,0,0,0,0,0,0,0,0,0,0,0,0,0,0,0,0,0,0,0,0,0,0,0,0,0,0,0,0,0,0,0,0,0,0,0,0,0,0,0,0,0,0,0,0,0,0,0,0,0,0,0,0,0,0,0,0,0,0
"aatgtgcgtcc","PBANKA_135330",1,1,0,1,0,0,2,1,0,0,1,1,2,2,2,2,0,0,12,11,2,2,7,6,7,7,0,1,0,1,1,1,1,1,1,1,101,95,5,5,63,62,0,2,176,171,0,0,4257,4176,3804,3729,2447,2393,2089,2031,3448,3355,4508,4442,1718,1629,1825,1815
"aattcagcctt","PBANKA_122840",93,97,41,44,395,395,209,210,441,445,258,262,155,157,106,110,509,514,368,358,614,599,343,352,186,189,229,238,210,212,229,231,474,454,409,401,103,101,2,1,271,267,66,65,45,45,47,49,3,1,0,0,1,1,1,2,0,1,0,0,0,0,0,0
"acaaggcatgt","PBANKA_102480",1,1,0,0,0,1,0,0,0,0,0,0,3,4,0,0,1,1,6,6,0,0,2,2,0,2,1,0,0,0,0,0,0,0,0,0,43,42,0,0,28,25,0,0,136,131,2,1,2130,2101,2068,2057,945,929,847,815,997,969,1298,1295,258,244,299,298
"acacgacaagc","PBANKA_103780",8543,8497,4303,4276,8198,8161,4188,4163,8006,7945,5541,5538,14321,14173,8072,8067,13874,13774,9132,9136,7252,7090,4581,4565,13222,13164,12336,12258,11828,11685,12795,12758,11088,11019,10434,10346,10267,10243,3225,3182,5468,5470,3083,3081,4779,4777,3234,3224,2003,1982,1947,1951,1672,1660,1511,1499,1425,1411,1992,1987,1838,1813,1924,1918
"acagttgcctc","PBANKA_111060",3,5,0,0,2,1,0,0,2,1,1,0,2,1,2,2,4,3,21,23,0,0,12,12,7,7,2,2,0,1,0,0,6,6,0,0,196,192,1,1,83,78,4,4,284,288,0,0,9345,9207,8524,8432,845,850,771,757,1972,1948,2744,2741,995,977,1040,1025
"acatcgagctt","PBANKA_093090",0,0,0,0,0,0,0,0,0,0,2,2,0,1,0,0,0,0,1,1,0,0,0,0,0,0,1,0,0,0,0,0,0,0,0,0,0,0,2980,2952,0,0,0,0,9,9,1,1,0,0,1,1,0,0,0,0,0,0,1,1,0,0,0,0
"accatttaatc","PBANKA_061600",0,0,0,0,0,0,0,0,0,0,0,0,0,0,0,0,0,0,1,1,0,0,0,0,0,0,0,0,0,0,0,0,0,0,0,0,7,8,0,0,2,2,0,0,11,11,0,0,0,0,0,0,0,0,0,0,0,0,0,0,1,1,26,27
"accccgctgtc","PBANKA_103510",0,0,0,0,0,0,0,0,0,0,0,0,0,0,0,0,0,0,0,0,0,0,0,0,0,0,0,0,0,0,0,0,0,0,0,0,0,0,0,0,0,0,0,0,0,0,0,0,0,0,0,0,0,0,0,0,0,0,0,0,1,0,0,0
"accgccatcca","PBANKA_031380",266,268,158,155,259,257,144,139,303,299,223,220,150,149,104,103,129,131,84,84,38,38,22,26,16,16,4,4,8,9,1,1,85,85,112,110,0,0,0,0,0,0,0,0,0,0,0,0,1,1,1,1,0,0,0,0,1,1,0,1,0,0,0,0
"acctcgtgacg","PBANKA_142130",0,0,0,0,0,0,0,0,0,0,0,0,0,0,0,0,0,0,0,0,0,0,0,0,0,0,0,0,0,0,0,0,0,0,0,0,1,0,0,0,0,0,0,0,0,0,0,0,0,0,0,0,0,0,0,0,0,0,0,0,0,0,0,0
"accttatgacg","PBANKA_080590",2961,2991,1337,1362,3273,3311,1623,1653,1842,1856,1186,1208,2714,2730,1572,1603,3527,3590,2277,2282,1178,1180,729,762,2678,2706,2428,2428,2416,2455,2685,2729,1120,1132,1154,1200,1312,1353,13,14,1179,1193,706,705,860,883,728,742,1,1,2,2,2,4,5,5,0,3,2,1,5,6,2,3
"acgaatgtgct","PBANKA_101610",0,0,0,0,0,0,0,0,0,0,0,0,0,0,0,0,0,0,0,0,0,0,0,0,0,0,0,0,0,0,0,0,0,0,0,0,0,0,0,0,0,1,0,0,12,11,0,0,0,0,0,0,0,0,0,0,0,0,0,0,0,0,20,20
"acggagttcca","PBANKA_122030",0,0,0,0,0,0,0,0,0,0,3,3,0,0,0,0,0,0,0,0,0,0,0,0,0,0,0,0,0,0,0,0,0,0,0,0,0,0,949,952,0,0,2,2,6,6,3,3,0,0,0,0,0,0,0,0,0,0,0,0,0,0,0,0
"acgtaagacaa","PBANKA_134600",0,0,0,0,1,1,0,0,0,0,0,0,0,0,0,0,0,0,0,0,0,0,0,0,0,0,0,0,0,0,0,0,0,0,0,0,0,0,0,0,0,0,0,0,2,2,0,0,0,0,0,0,0,0,0,0,0,0,0,0,0,0,0,1
"acgtatcaggg","PBANKA_082710",4451,4406,2217,2181,2164,2127,1085,1072,4891,4851,3606,3582,3339,3257,1985,1954,3160,3129,2196,2162,3421,3290,2308,2293,2588,2550,2483,2442,3146,3103,3143,3089,4465,4411,3796,3730,1585,1562,17,17,992,981,603,595,2218,2168,1632,1610,4,5,14,11,2,1,3,2,8,8,7,4,10,7,7,6
"actatcgccaa","PBANKA_144400",0,0,0,0,0,0,0,0,0,0,2,2,2,2,0,0,0,0,0,0,0,0,0,0,0,0,0,0,0,0,0,0,0,0,0,0,0,0,0,0,0,0,0,0,16,17,8,8,0,0,0,0,0,0,0,0,0,0,0,0,1,1,6,7
"actcagtacag","PBANKA_080600",4202,4138,1963,1953,3517,3463,1645,1630,4538,4531,2809,2832,238,230,115,116,128,127,102,105,315,305,191,192,255,255,218,213,500,499,462,450,85,89,89,90,6,8,2,2,1,1,13,13,2,2,2,3,4,2,3,4,1,1,0,0,0,0,2,1,0,0,0,0
"acttcaatatc","PBANKA_050690",0,0,0,0,0,0,0,0,0,0,0,0,0,0,0,0,0,0,0,0,0,0,0,0,0,0,0,0,0,0,0,0,0,0,0,0,3,3,2,2,0,0,0,0,0,0,10,10,0,0,0,0,0,0,0,0,0,0,0,0,1,1,1,1
"agaactcatat","PBANKA_093700",0,0,0,0,0,0,0,0,0,0,0,0,0,0,0,0,0,0,0,0,0,0,0,0,0,0,0,0,0,0,0,0,0,0,0,0,0,0,0,0,0,0,0,0,0,0,0,0,0,1,0,0,0,0,0,0,0,0,0,0,0,0,0,0
"agaagaggagc","PBANKA_102730",0,0,1,1,0,0,0,0,0,0,0,0,1,1,0,0,1,1,0,0,1,1,0,0,0,0,0,0,0,0,0,0,0,0,0,1,3,4,1,0,16,15,0,0,40,41,0,0,819,801,749,736,675,663,711,699,895,884,1222,1198,383,350,329,317
"agaagcgagga","PBANKA_030990",0,0,0,0,0,0,0,0,0,0,0,0,0,0,0,0,0,0,0,0,0,0,0,0,0,0,0,0,0,0,0,0,0,0,0,0,0,0,0,0,0,0,0,0,0,0,0,0,0,0,0,0,0,0,0,0,0,1,0,0,0,0,0,0
"agaatgtttcc","PBANKA_091690",0,0,0,0,1,1,0,0,0,1,0,0,1,1,0,0,0,0,3,3,1,1,0,0,0,0,0,2,4,4,2,1,1,1,0,0,28,30,0,0,2,2,0,0,13,13,0,0,911,914,797,800,2410,2398,2119,2094,1006,1009,1392,1378,1778,1729,1925,1914
"agaccgagaca","PBANKA_030510",1829,1818,867,846,1162,1161,528,526,621,618,463,466,3679,3640,2130,2121,1800,1800,1235,1219,790,768,537,532,3253,3223,3022,3000,2061,2036,2299,2281,1768,1766,1501,1481,3204,3199,3,5,655,642,347,346,120,122,238,231,2,1,4,6,4,2,2,4,4,7,6,5,2,2,3,3
"agacttccagt","PBANKA_071300",0,0,0,0,0,0,0,0,0,0,0,0,0,0,0,0,0,0,0,0,0,0,0,0,0,0,0,0,0,0,0,0,0,0,0,0,0,0,0,1,0,0,0,0,0,0,0,0,0,0,0,0,0,0,0,0,0,0,0,0,0,0,0,0
"agagcgaccgt","PBANKA_124280",0,0,0,0,0,0,0,0,0,0,0,0,0,0,0,0,0,0,0,0,0,1,0,0,0,0,0,0,0,0,0,0,0,0,0,0,0,0,0,0,0,0,0,0,0,0,0,0,0,0,0,0,0,0,0,0,0,0,0,0,0,0,0,0
"agaggtacaat","PBANKA_101570",0,0,0,0,0,0,0,0,0,0,0,0,0,0,0,0,0,0,0,0,0,1,0,0,0,0,0,0,0,0,0,0,0,0,0,0,0,0,0,0,0,0,0,0,0,0,0,0,0,0,0,0,0,0,0,0,0,0,0,0,0,0,0,0
"agagtttcgga","PBANKA_041190",0,0,0,0,0,0,0,0,4,2,1,0,3,3,3,2,1,1,7,7,0,0,3,2,4,3,0,1,2,3,3,1,1,2,0,0,69,64,3,3,50,50,1,1,121,119,0,0,3871,3790,3481,3419,2984,2939,2950,2881,3718,3684,4866,4804,3437,3323,3525,3464
"agatattagag","PBANKA_132480",0,0,0,0,0,0,0,0,0,0,0,0,0,0,0,0,0,0,0,0,0,0,0,0,0,0,0,0,0,0,0,0,0,0,0,0,0,0,0,0,0,0,0,0,0,1,0,0,0,0,0,0,0,0,0,0,0,0,0,0,0,0,0,0
"agatcctcgac","PBANKA_041590",0,0,0,0,0,0,0,0,0,0,0,0,0,0,5,5,1,1,0,0,0,0,0,0,0,1,0,0,0,1,0,0,0,0,0,1,23,24,1,1,6,6,1,1,43,47,0,0,843,879,803,837,368,392,373,390,850,902,1082,1153,591,619,594,617
"agatgcctggg","PBANKA_092590",0,1,0,1,0,0,0,0,0,1,0,0,0,0,0,0,0,0,0,1,0,0,0,0,0,0,0,1,0,0,0,0,0,0,0,0,0,0,0,0,0,0,0,0,0,0,0,0,0,0,0,0,0,0,0,0,0,0,0,0,0,0,0,0
"agcaccctggt","PBANKA_140670",0,0,0,0,0,1,0,0,0,0,0,0,0,0,0,0,0,0,0,0,0,0,0,0,0,0,0,0,0,0,0,0,0,0,0,0,0,0,0,0,0,0,0,0,0,0,0,0,0,0,0,0,0,0,0,0,0,0,0,0,0,0,0,0
"agcacgtagaa","PBANKA_110520",0,0,0,0,0,0,0,0,0,0,0,0,0,0,0,0,0,0,0,0,0,0,0,0,0,0,0,0,0,0,0,0,0,0,0,0,0,0,0,0,0,0,0,0,0,0,0,0,0,0,0,0,0,0,0,0,0,0,0,0,0,0,0,1
"agcaggtccca","PBANKA_060400",0,0,0,0,0,0,0,0,0,0,0,0,0,0,0,0,0,0,0,0,0,0,0,0,0,0,0,0,0,0,0,1,1,1,1,0,0,0,0,0,0,0,0,0,0,0,0,0,0,0,0,0,0,0,0,0,0,0,0,0,0,0,0,0
"agcccgttgta","PBANKA_123730",0,0,0,0,0,0,0,0,2,1,0,1,1,1,4,4,2,1,1,1,0,0,5,5,4,4,0,0,0,0,1,1,0,1,0,0,18,19,1,1,23,22,3,3,35,34,0,0,2068,2029,2091,2030,968,966,895,875,1234,1224,1791,1777,1000,950,1108,1081
"agcctcgcctc","PBANKA_135590",0,0,1,1,0,0,0,0,0,0,0,0,0,0,0,0,0,0,0,0,0,0,0,0,0,0,0,0,0,0,0,0,1,2,0,0,0,0,659,671,0,0,2,2,0,0,0,0,0,0,0,0,0,0,0,0,0,0,0,0,0,0,0,0
"agcgctcagca","PBANKA_080040",0,0,0,0,0,0,0,0,0,0,0,0,0,0,0,0,0,0,0,0,0,0,0,0,0,0,0,0,0,0,0,0,0,0,0,0,0,0,0,0,0,0,0,0,0,0,0,0,0,0,0,0,0,0,0,0,0,0,0,0,0,0,0,1
"agcgttttaga","PBANKA_144960",0,1,0,0,0,0,0,0,0,0,0,0,0,0,0,0,0,0,0,0,0,0,0,0,0,0,0,0,0,0,0,0,0,0,0,0,0,0,0,0,0,0,0,1,0,0,0,0,0,0,0,0,0,0,0,0,0,0,0,0,0,0,0,0
"agcttgggccg","PBANKA_110700",0,0,0,0,1,1,0,1,0,2,0,0,1,2,0,0,1,0,3,4,2,1,0,0,2,1,0,0,4,4,2,2,7,5,0,0,12,13,0,0,9,9,1,0,55,49,0,0,1839,1802,1725,1689,1984,1959,1484,1461,1055,1036,1420,1405,1892,1824,2216,2189
"aggagatgtag","PBANKA_060080",0,0,0,0,0,0,1,0,0,0,0,0,0,0,0,0,0,0,0,0,0,0,0,0,0,0,0,0,0,0,0,0,0,0,0,0,0,0,0,0,0,0,0,0,0,0,0,0,0,0,0,0,0,0,0,0,0,0,0,0,0,0,0,0
"aggaggggtag","PBANKA_060560",0,0,0,0,0,0,0,0,0,0,0,0,0,0,0,0,0,0,0,0,0,0,0,0,0,0,0,0,0,0,0,0,0,0,0,0,0,0,0,0,0,0,0,0,0,0,0,0,1,0,0,0,0,0,0,0,0,0,0,0,0,0,0,0
"aggctccctcc","PBANKA_093570",0,0,0,0,0,0,0,0,0,0,0,0,0,0,0,0,0,0,1,0,0,0,0,0,0,0,0,0,0,0,0,0,1,0,0,0,0,0,0,0,0,0,0,0,0,0,0,0,0,0,0,0,0,0,0,0,0,0,0,0,0,0,0,0
"agggaatgtcg","PBANKA_103410",0,0,0,0,0,0,0,0,0,0,0,0,0,0,0,0,0,0,0,0,0,0,0,0,0,0,0,0,0,0,0,0,0,0,0,0,0,0,164,158,0,0,0,0,0,0,0,0,0,0,0,0,0,0,0,0,0,0,0,0,0,0,0,0
"agggagaagag","PBANKA_121800",0,0,0,0,1,2,0,0,0,0,0,0,0,0,0,0,0,0,0,0,0,0,0,0,0,0,0,0,0,0,0,0,0,0,0,0,0,0,0,0,0,0,0,0,0,0,0,0,0,0,0,0,0,0,0,0,0,0,0,0,0,0,0,0
"agggaggacgt","PBANKA_132310",0,0,0,0,0,0,0,0,0,0,0,0,0,0,0,0,0,0,0,0,0,0,0,0,0,0,0,0,0,0,0,0,0,1,0,0,0,0,0,0,0,0,0,0,0,0,0,0,0,0,0,0,0,0,0,0,0,0,0,1,0,0,0,0
"aggggataaat","PBANKA_135870",2,2,0,0,1,1,0,0,0,0,0,0,2,1,0,0,1,1,3,3,0,0,0,0,0,0,1,1,0,0,0,0,1,1,0,0,9,9,0,0,11,13,0,0,50,44,0,0,966,953,864,845,902,888,761,744,812,783,1008,1010,71,67,53,48
"aggggatggtc","PBANKA_146060",0,0,0,0,0,0,0,0,0,0,0,0,0,0,0,0,3,3,0,0,0,0,0,0,0,0,0,0,0,0,0,0,0,0,1,1,5,5,0,0,0,0,3,3,11,11,0,0,0,0,2,2,0,0,0,0,0,0,0,0,0,0,12,11
"aggggcaccga","PBANKA_080940",0,0,0,0,0,0,0,0,0,0,0,0,0,0,0,0,0,0,0,0,0,0,0,0,0,0,0,0,0,0,0,0,0,0,0,0,0,0,0,0,0,0,0,0,13,13,0,0,0,0,0,0,0,0,0,0,0,0,0,0,0,0,1,1
"agggtacgaag","PBANKA_130900",0,0,0,0,0,2,0,0,0,0,0,1,0,0,0,0,0,0,0,0,0,0,0,0,0,1,0,0,0,0,0,1,0,0,0,1,0,0,0,0,0,0,0,0,0,0,0,1,0,0,0,0,0,0,0,0,0,0,0,0,0,0,0,0
"agggttcctat","PBANKA_051500",14967,14618,6581,6480,25487,24899,12290,12013,20750,20256,13092,12886,19396,18887,9553,9429,29740,29015,18252,17727,22575,21736,14345,13952,18594,18177,16496,16006,25239,24480,26659,26054,29981,29183,28128,27446,13242,13001,8992,8744,14710,14255,6588,6436,11648,11338,9235,9035,1569,1520,1505,1464,1843,1803,1647,1615,1641,1590,2186,2128,2613,2483,2602,2551
"aggtctctgag","PBANKA_050310",0,0,0,0,0,0,0,1,0,0,0,0,0,0,0,0,0,0,0,1,0,0,0,0,0,0,0,0,0,0,0,0,0,0,0,0,0,0,0,0,0,0,0,0,0,0,0,0,0,0,0,0,0,0,0,0,0,0,0,0,0,0,0,0
"agtaagccttc","PBANKA_110420",154,160,85,81,132,131,65,63,542,539,388,378,24,24,12,12,3,3,10,11,189,185,123,124,3,3,0,0,0,0,0,0,106,105,90,89,1,1,0,0,0,0,0,0,0,0,25,22,0,0,0,1,9,10,12,15,0,0,0,0,0,1,0,0
"agtctgtatcg","PBANKA_020600",0,1,0,0,0,0,0,0,0,0,0,0,0,0,0,0,0,0,0,0,0,0,0,0,0,0,0,0,0,0,0,0,0,0,0,0,0,0,0,0,0,0,0,0,0,0,0,0,0,0,0,0,0,0,0,0,0,0,0,0,0,0,0,0
"agtttcggtga","PBANKA_142700",0,0,0,0,3,3,0,0,0,0,0,0,0,0,0,0,0,0,0,0,0,0,0,0,0,0,0,0,0,0,0,0,0,0,0,0,0,0,0,0,0,0,0,0,0,0,0,0,0,0,0,0,0,0,0,0,0,0,0,0,0,0,0,0
"agttttttagc","PBANKA_011250",1387,1363,467,452,1082,1045,426,422,2090,2056,1133,1124,2246,2209,482,487,1869,1828,693,677,2192,2126,949,946,1879,1854,1672,1647,1627,1595,1819,1794,2774,2723,2514,2508,522,508,0,0,590,576,142,141,591,588,410,394,1,1,2,2,2,1,4,3,4,2,0,2,2,2,1,1
"ataaactttac","PBANKA_130480",0,0,0,0,0,0,0,0,0,0,0,0,0,0,0,0,0,0,0,0,0,0,0,0,0,0,0,0,0,0,0,0,0,0,0,0,0,0,0,0,0,0,0,0,0,0,0,0,0,0,0,0,0,0,0,0,0,0,0,0,0,0,4,5
"ataccgtaggt","PBANKA_060150",0,0,0,0,0,0,0,0,0,0,0,0,0,0,0,0,0,0,0,0,0,0,0,0,0,0,0,0,0,0,0,0,0,0,0,0,0,0,0,0,0,0,0,0,0,0,0,0,0,0,0,0,0,0,1,1,0,0,0,0,0,0,10,10
"atagcctaata","PBANKA_040430",4352,4340,1876,1865,2952,2943,1401,1419,1839,1840,1204,1206,3614,3600,1578,1567,3367,3352,1980,1966,1283,1256,760,779,4037,4031,3473,3458,1960,1950,1924,1912,1608,1602,1409,1419,2387,2398,4,4,1158,1141,580,581,531,529,325,327,6,5,6,8,1,3,0,1,2,2,5,4,1,3,3,2
"ataggtggtga","PBANKA_071010",0,0,0,0,0,0,0,0,0,0,0,0,0,0,0,0,0,0,2,2,0,0,0,0,0,0,0,0,0,0,0,0,0,0,0,0,0,0,2,2,0,0,0,0,0,0,19,19,0,0,0,0,0,0,0,0,0,0,0,0,0,0,0,0
"atcacgtgtct","PBANKA_132210",0,0,0,0,0,0,0,0,0,0,0,0,0,0,0,0,0,0,0,0,0,0,0,0,0,0,0,0,0,0,0,0,2,2,0,0,0,0,0,0,0,0,0,0,0,0,0,0,0,0,0,0,0,0,0,0,1,1,0,0,5,5,13,13
"atcaggtacca","PBANKA_112190",1104,1094,535,525,614,616,340,345,1163,1152,854,864,1513,1503,1009,1008,628,620,426,423,1279,1248,861,848,1037,1045,1043,1016,568,563,707,705,2060,2048,1842,1803,173,178,1,0,251,247,92,92,226,228,161,161,1,1,5,2,1,2,1,2,0,0,1,1,1,1,0,0
"atcaggtggga","PBANKA_134560",0,0,0,0,0,0,0,0,0,0,0,0,0,0,0,0,0,0,0,0,0,0,0,0,0,0,0,0,0,0,0,0,1,0,0,0,0,0,0,0,0,0,0,0,0,0,0,0,0,0,0,0,0,0,0,0,0,0,0,0,0,0,0,0
"atcagtaaggg","PBANKA_114130",0,0,0,0,0,0,0,0,0,0,1,1,0,0,0,0,0,0,0,0,0,0,0,0,0,0,0,0,0,0,0,0,0,0,0,0,0,0,6,6,0,0,1,1,6,6,8,6,0,0,0,0,0,0,0,0,0,0,0,0,0,0,0,0
"atctgatgtag","PBANKA_082040",0,0,0,0,0,0,0,0,0,0,0,0,0,0,0,0,0,0,0,0,0,0,0,0,0,0,1,0,0,0,0,0,0,0,0,0,0,0,191,184,0,0,0,0,0,0,22,21,0,0,0,0,0,0,0,0,0,0,0,0,0,0,0,0
"atgactcaggt","PBANKA_132900",0,0,0,0,0,0,0,0,0,0,0,0,0,0,0,0,0,0,0,0,0,0,0,0,0,0,0,0,0,0,0,0,0,1,0,0,0,0,0,0,0,0,0,0,0,0,0,0,0,0,0,0,0,0,0,0,0,0,0,0,0,0,0,0
"atgcgcgcaaa","PBANKA_040940",345,348,173,176,297,303,124,128,717,726,428,425,396,404,186,186,378,383,175,180,872,852,453,456,221,218,257,254,202,195,216,214,1290,1297,1237,1237,84,87,0,0,265,263,131,135,283,280,220,218,1,1,0,0,1,2,0,0,1,1,0,0,1,1,0,0
"atgctatgggc","PBANKA_112360",1,0,0,0,0,0,0,0,0,0,0,0,0,0,0,0,0,0,0,0,0,0,0,0,0,0,0,0,0,0,0,0,0,0,0,0,0,0,0,0,0,0,0,0,0,0,0,0,0,0,0,0,0,0,0,0,0,0,0,0,1,0,0,0
"atgtctgccta","PBANKA_050170",0,0,0,0,1,1,0,0,0,0,0,0,0,0,0,0,0,0,0,0,0,0,0,0,0,0,0,0,0,0,3,2,0,0,0,0,0,0,0,0,0,0,0,0,0,0,0,0,0,0,0,1,0,0,0,0,3,3,0,0,0,0,0,0
"attatttccac","PBANKA_135060",0,0,0,0,0,0,0,0,0,0,0,0,0,0,0,0,0,0,0,0,0,0,0,0,0,0,0,0,0,0,0,0,0,0,0,0,0,0,0,0,0,0,0,0,0,0,0,0,0,0,0,0,0,0,0,0,0,0,0,0,0,0,1,0
"attcaagggct","PBANKA_061510",938,919,329,327,393,384,158,149,659,643,373,367,1435,1400,516,510,1206,1183,594,586,1344,1297,670,664,1188,1164,932,907,910,893,908,877,1234,1212,1149,1125,881,870,0,1,621,604,301,292,664,652,457,434,0,0,0,0,1,0,1,1,1,1,3,3,3,3,3,2
"attcggggaag","PBANKA_114510",0,0,0,0,0,0,0,0,0,0,0,0,0,0,0,0,0,0,0,0,0,0,0,0,0,0,0,1,0,0,0,0,0,0,0,0,0,0,0,0,0,0,0,0,0,0,0,0,0,0,0,0,0,0,0,0,0,0,0,0,0,0,0,0
"attgactcgca","PBANKA_123420",0,0,0,0,0,0,0,0,0,0,0,0,0,0,0,0,0,0,0,0,0,0,0,0,0,0,0,0,0,0,0,0,0,0,0,0,0,0,0,0,0,0,0,0,0,0,0,0,0,1,0,0,0,0,0,0,0,1,0,0,0,0,0,0
"attgactcgcg","PBANKA_010960",0,0,0,0,0,0,0,0,0,1,0,0,1,0,0,0,0,0,0,0,0,0,0,0,0,0,0,0,0,0,1,1,1,1,0,0,11,11,0,0,0,0,0,0,7,7,0,0,338,332,325,313,380,374,360,358,262,267,338,336,4,4,3,4
"attgagaacgt","PBANKA_140450",3,3,6,6,3,3,2,0,3,3,1,1,6,3,4,1,1,0,18,18,2,2,8,9,2,2,4,3,2,2,4,4,11,10,1,3,144,142,2,4,134,121,3,4,389,374,5,5,8656,8507,8059,7922,7641,7473,6965,6835,5358,5249,7303,7146,5187,4981,6047,5934
"caaagaccgcc","PBANKA_081760",0,0,0,0,0,0,0,0,0,0,0,0,0,0,0,0,0,0,0,0,0,0,0,0,0,0,0,0,0,0,0,0,0,0,0,0,0,0,0,0,0,0,3,2,0,0,3,3,0,0,0,0,0,0,0,0,0,0,0,0,0,0,7,8
"caagtatatcg","PBANKA_071650",7,6,1,0,1,1,1,1,1,1,0,0,0,0,3,3,2,1,0,0,3,3,3,3,2,1,1,1,1,1,4,3,0,2,1,1,36,39,0,0,44,42,0,0,76,74,0,0,2179,2131,1988,1954,2672,2642,2315,2269,2364,2291,2841,2762,1934,1844,2175,2133
"cacaacggcaa","PBANKA_051860",0,0,0,0,0,0,0,0,0,0,0,0,0,0,0,0,0,0,0,0,0,0,0,0,0,0,0,0,0,0,0,0,0,0,0,0,0,0,0,0,0,0,1,0,0,0,0,0,0,0,0,0,0,0,0,0,0,0,0,0,0,0,0,0
"cacaagaggga","PBANKA_101750",945,924,477,476,992,993,524,517,1790,1795,1376,1374,1815,1797,848,847,3647,3637,2152,2125,2056,2008,1160,1170,1325,1325,1317,1277,3000,2967,3203,3188,2655,2648,2969,2937,4941,4913,2,2,44606,44277,22450,22260,9082,9058,6321,6253,6,9,9,8,7,5,11,11,8,12,9,7,17,15,6,5
"cacaatcgtat","PBANKA_142980",0,0,0,0,0,0,0,0,0,0,0,0,0,0,0,0,0,0,0,0,0,0,0,0,0,0,0,0,0,0,0,0,0,0,0,0,0,0,0,0,0,1,0,0,0,0,0,0,0,0,0,0,0,0,0,0,0,0,0,0,0,0,0,0
"cacattacgat","PBANKA_020830",0,0,0,0,0,1,0,0,0,0,0,0,0,0,0,0,0,0,0,0,0,0,0,0,0,0,0,0,0,0,0,0,0,0,0,0,0,0,0,0,0,0,0,0,0,0,0,0,0,0,0,0,0,0,0,0,0,0,0,0,0,0,0,0
"cacattactgt","PBANKA_080340",0,0,0,0,0,0,0,0,0,0,0,0,0,0,0,0,0,0,0,0,0,0,0,0,0,0,0,0,0,0,0,0,0,0,0,0,0,0,0,0,1,0,0,0,0,0,0,0,0,0,0,0,0,0,0,0,0,0,0,0,0,0,0,0
"cacgagaagca","PBANKA_090510",0,0,0,0,0,0,0,0,0,0,0,0,0,0,0,0,0,0,0,0,0,0,0,0,0,0,0,0,0,0,0,0,0,0,0,0,0,0,0,0,0,1,0,0,0,0,0,0,0,0,0,0,0,0,0,0,0,0,0,0,0,0,0,0
"cacgatgctgc","PBANKA_083700",0,0,0,0,0,0,0,0,0,0,0,0,0,0,0,0,0,0,0,0,0,0,0,0,0,0,0,0,0,0,0,0,0,0,0,0,0,0,0,0,0,0,0,0,0,0,0,0,0,0,0,0,0,0,0,0,0,0,0,0,0,0,1,0
"cacgatgttgc","PBANKA_030010",0,0,0,0,0,0,0,0,0,0,0,0,0,0,0,0,0,0,0,0,0,0,0,0,0,0,0,0,0,0,0,0,0,0,0,0,0,0,0,0,0,0,0,0,0,0,0,0,0,0,0,0,0,0,0,0,0,0,1,0,0,0,0,0
"cacttgatgtt","PBANKA_093980",0,0,0,0,0,0,0,0,0,0,0,0,0,0,0,0,0,0,0,0,0,0,0,0,0,0,0,0,0,0,0,0,0,0,0,0,0,0,0,0,0,0,0,0,0,0,0,0,0,0,0,0,0,0,0,0,0,0,0,0,0,0,2,2
"cagacgctgaa","PBANKA_040280",2082,2116,1054,1064,3313,3342,1646,1662,1580,1589,1131,1163,3906,3925,2301,2324,3951,3964,2462,2473,1770,1756,1183,1214,4218,4271,4159,4195,4615,4604,5125,5192,3195,3225,3338,3343,2353,2395,7,6,3399,3446,1604,1613,795,803,365,375,8,6,4,5,4,5,9,10,4,5,6,5,5,3,3,2
"cagcgccggaa","PBANKA_020080",0,0,0,0,0,0,0,0,0,0,0,0,0,0,0,0,0,0,0,0,0,0,0,0,0,0,0,0,0,1,0,0,0,0,0,0,0,0,0,0,0,0,0,0,0,0,0,0,0,0,0,0,0,0,0,0,0,0,0,0,0,0,0,0
"cagcgtgatgt","PBANKA_010110",0,0,0,0,0,0,0,0,0,0,0,0,0,0,0,0,0,0,0,0,0,0,0,0,0,0,0,0,0,0,0,0,0,0,0,0,0,0,5,5,0,0,0,0,8,7,0,0,0,0,0,0,0,0,0,0,0,0,0,0,0,0,0,0
"cagttctgatt","PBANKA_140170",0,0,0,0,0,0,0,0,0,0,0,0,0,0,0,0,0,0,0,0,0,0,0,0,0,0,0,0,0,0,0,0,0,0,0,0,0,0,0,0,0,0,3,3,0,0,0,0,0,0,0,0,0,0,0,0,0,0,0,0,0,0,1,1
"catcgcggaga","PBANKA_102410",794,785,354,357,495,475,239,239,1572,1530,1086,1065,1089,1056,712,715,254,247,209,203,680,653,398,385,417,401,437,430,546,532,589,571,1295,1273,1058,1035,463,451,0,1,448,426,316,305,289,285,194,194,0,0,3,1,0,1,0,0,4,4,3,0,0,0,3,2
"cattatggagg","PBANKA_124280",0,1,0,0,0,0,0,0,0,0,0,0,0,0,0,0,0,0,0,0,0,0,0,0,0,0,0,0,0,0,0,0,0,0,0,0,0,0,0,0,0,0,0,0,0,0,0,0,0,0,0,0,0,0,0,0,0,0,0,0,0,0,0,0
"cattgctttag","PBANKA_134800",0,0,0,0,0,0,0,0,1,1,0,0,0,0,0,0,0,0,0,0,0,0,0,0,0,0,0,0,0,0,0,0,0,0,0,0,0,0,0,0,0,0,0,0,0,0,0,0,0,0,0,0,0,0,0,0,0,0,0,0,0,0,0,0
"ccaacgtcctc","PBANKA_082490",337,345,168,165,488,479,258,259,353,358,320,311,389,385,313,319,786,778,521,512,531,523,364,375,457,459,470,469,783,762,925,925,375,378,399,397,56,56,0,0,117,116,66,65,64,65,38,35,2,4,2,3,0,0,1,1,2,2,1,1,2,1,2,2
"ccaacttaaac","PBANKA_103360",0,0,0,0,0,0,0,0,0,0,0,0,0,0,0,0,0,0,0,0,0,0,0,0,0,0,0,0,0,0,0,0,0,0,0,0,0,0,0,0,0,0,2,2,0,0,0,0,0,0,0,0,0,0,0,0,0,0,0,0,0,0,0,0
"ccaagcccggc","PBANKA_134620",0,1,0,0,0,1,0,0,0,0,0,0,0,0,0,0,0,0,1,0,0,0,0,0,0,0,0,0,0,0,0,0,0,0,0,0,0,0,0,0,0,0,0,0,0,0,0,0,0,0,0,0,0,0,0,0,0,0,0,0,0,0,0,0
"ccaagcgaggc","PBANKA_030500",2442,2412,1295,1299,2358,2338,1125,1113,6445,6405,4391,4387,3683,3638,2073,2043,3111,3072,2159,2120,8954,8769,5565,5511,3358,3318,2975,2916,3665,3610,3992,3963,10482,10428,10068,9927,3512,3503,14,12,3645,3579,1730,1711,5124,5073,4331,4301,6,9,11,9,5,4,6,5,8,8,5,4,7,3,6,7
"ccacaaacaac","PBANKA_040220",0,0,0,0,4,4,0,0,0,0,0,0,0,0,0,0,0,0,0,0,0,0,0,0,0,0,0,0,0,0,0,0,0,0,0,0,0,0,0,0,0,0,0,0,0,0,12,12,0,0,0,0,0,0,0,0,0,0,0,0,0,0,0,0
"ccacctgccca","PBANKA_010620",0,0,0,0,0,0,0,0,0,0,0,0,0,0,0,0,0,0,0,0,0,0,0,0,0,0,0,0,0,0,0,0,0,0,0,0,4,5,0,0,0,0,0,0,0,0,0,0,0,0,0,0,0,0,0,0,0,0,0,0,0,0,6,5
"ccagagcggta","PBANKA_141460",0,0,0,0,0,0,0,0,0,0,0,0,0,0,0,0,0,0,0,0,0,0,0,0,0,0,0,0,0,0,0,0,0,0,0,0,0,0,561,542,0,0,0,0,0,0,0,0,0,0,0,0,0,0,0,0,0,0,0,0,0,0,0,0
"ccatcgaaata","PBANKA_142310",0,0,0,0,0,0,0,0,0,0,0,0,0,0,0,0,0,0,0,0,0,0,0,0,0,0,0,0,0,0,0,0,0,0,0,0,0,0,0,0,0,0,1,1,0,0,0,0,0,0,0,0,0,0,0,0,0,0,0,0,0,0,0,0
"ccatcgtggcc","PBANKA_031590",0,0,0,0,0,0,0,0,0,0,0,0,0,0,0,0,0,0,0,0,0,0,0,0,0,0,0,0,0,0,0,0,0,0,0,0,0,0,0,0,0,0,0,0,0,0,9,9,0,0,0,0,0,0,3,4,0,0,0,0,0,0,0,0
"ccatgctatca","PBANKA_070410",65,64,26,25,79,79,55,51,95,95,66,71,0,0,0,0,0,0,2,3,9,8,0,0,0,0,0,0,0,0,0,0,0,0,0,0,0,0,0,0,0,0,0,0,0,0,0,0,0,0,0,0,0,0,0,0,0,0,0,0,0,0,0,0
"cccaagtaaga","PBANKA_093040",0,0,0,0,0,0,0,0,0,0,0,0,0,0,0,0,0,0,0,0,0,0,0,0,0,0,0,0,0,0,0,0,0,0,0,0,0,0,0,0,1,2,0,0,0,0,0,0,0,0,0,0,0,0,0,0,0,0,0,0,0,0,10,10
"cccaccatgct","PBANKA_143080",0,0,0,0,0,0,0,0,0,0,0,0,0,0,0,0,0,0,0,0,0,0,0,0,0,0,0,0,0,0,0,0,0,0,0,0,0,0,0,0,0,0,0,0,13,13,0,0,0,0,0,0,0,0,0,0,0,0,0,0,0,0,7,6
"ccctcaaatac","PBANKA_135960",0,0,0,0,0,0,0,0,0,0,0,0,0,0,0,0,0,0,0,0,0,0,0,0,0,0,0,0,0,0,0,0,0,0,0,0,0,0,1055,1089,0,0,5,5,0,0,3,3,0,0,0,0,0,0,0,0,0,0,0,0,0,0,0,0
"ccctcgggtgc","PBANKA_110490",0,0,2,2,0,0,1,1,0,1,2,2,0,0,0,0,0,0,0,0,0,0,0,0,0,0,0,0,0,0,0,0,0,0,0,0,0,0,2014,1932,0,0,0,0,0,0,5,4,0,0,0,0,1,2,0,0,0,0,0,0,0,0,1,1
"ccgacaatttg","PBANKA_143030",1,0,6,6,1,0,3,3,0,0,1,2,1,1,1,1,1,1,6,8,1,0,6,7,6,5,2,3,0,0,6,8,3,2,0,0,19,22,2,2,31,31,0,0,174,173,1,2,3527,3492,3169,3175,4578,4529,4048,4036,3078,3052,3746,3748,4027,3904,4685,4632
"ccgagtttacg","PBANKA_144100",0,0,0,0,10,11,0,0,0,0,0,0,0,0,0,0,0,0,0,0,0,0,0,0,0,0,0,0,0,0,0,0,0,0,0,0,0,0,6,6,0,0,0,0,0,0,17,20,0,0,0,0,0,0,0,0,0,0,0,0,0,0,6,6
"ccgccagggtg","PBANKA_021230",0,0,0,0,2,2,0,0,0,0,0,0,0,0,0,0,0,0,0,0,0,0,0,0,0,0,0,0,0,0,0,0,0,0,0,0,0,0,0,0,0,0,0,0,0,0,0,0,0,0,0,0,0,0,0,0,0,0,0,0,0,0,0,0
"ccgctaatatg","PBANKA_141790",0,0,0,0,0,0,0,0,0,0,0,0,0,0,0,0,0,0,0,0,0,0,0,0,0,0,0,0,0,0,0,0,0,0,0,0,0,0,0,0,0,0,0,0,0,0,0,0,1,0,0,0,0,0,0,0,0,0,0,0,0,0,0,0
"ccggcttcctc","PBANKA_091660",0,0,0,0,2,2,0,0,0,0,0,0,0,0,0,0,0,0,0,0,0,0,0,0,0,0,0,0,0,0,0,0,0,0,0,0,0,0,0,0,0,0,0,0,0,0,0,0,0,0,0,0,0,0,0,0,0,0,0,0,0,0,0,0
"ccggtcactat","PBANKA_071470",0,0,0,0,4,5,0,0,0,0,0,0,0,0,0,0,0,0,0,0,0,0,0,0,0,0,0,0,0,0,0,0,0,0,0,0,0,0,0,0,0,0,0,0,0,0,0,0,0,0,0,0,0,0,0,0,0,0,0,0,0,0,0,0
"ccgtcgaaact","PBANKA_051360",0,0,0,0,0,0,0,0,0,0,0,0,0,0,0,0,0,0,0,0,0,0,0,0,0,0,2,2,0,0,0,0,0,0,0,0,0,0,302,295,0,0,0,0,0,0,4,4,0,0,0,0,0,0,0,0,0,0,0,0,0,0,0,0
"ccgtgctgacc","PBANKA_020350",0,0,0,0,0,0,0,0,0,0,0,0,0,0,0,0,0,0,0,0,0,0,0,0,0,0,0,0,0,0,0,0,0,0,0,0,0,0,0,0,0,0,0,0,0,0,0,0,0,0,0,0,0,0,0,1,0,0,0,0,0,0,0,0
"cctaatttgct","PBANKA_135890",0,0,0,0,0,0,0,0,0,0,0,0,0,0,0,0,0,0,0,0,0,0,0,0,0,0,0,0,0,0,0,0,0,0,0,0,0,0,0,0,0,0,0,0,13,13,0,0,0,0,0,0,0,0,0,0,0,0,0,0,0,0,21,20
"cctagggaaat","PBANKA_031180",0,0,1,1,0,0,0,0,0,0,7,7,0,0,0,0,0,0,0,0,0,0,0,0,0,0,0,0,0,0,0,0,0,0,0,0,3,3,1533,1517,0,0,0,0,2,3,0,0,0,0,0,0,0,0,0,0,0,0,0,0,0,0,0,0
"cctcgaaacag","PBANKA_111620",0,0,0,0,0,0,0,0,0,0,0,0,0,0,0,0,0,0,0,0,0,0,0,0,0,0,0,0,0,0,0,0,0,0,0,0,0,0,0,0,9,9,0,0,12,12,0,0,0,0,0,0,0,0,0,0,0,0,0,0,3,3,14,13
"cctcgccgcca","PBANKA_132980",1,0,1,0,8,4,0,0,2,2,3,1,2,0,0,0,2,2,0,1,0,0,1,1,1,1,1,0,1,0,0,0,1,0,1,1,0,0,0,0,0,0,0,0,0,0,1,0,0,0,0,0,0,0,0,1,0,0,0,0,0,0,0,0
"cctcgccggca","PBANKA_101840",1513,1481,908,911,4091,4076,2452,2419,2937,2933,2108,2094,495,496,353,357,1181,1166,946,943,526,519,330,333,179,176,208,203,922,908,960,952,225,225,240,234,117,120,7,9,197,193,72,75,107,103,104,106,2,2,1,1,0,0,0,0,0,0,0,0,2,2,0,0
"cctcgtcgaca","PBANKA_135040",0,0,0,0,0,0,0,0,0,0,0,1,1,0,1,0,0,0,0,0,0,0,0,0,0,0,0,0,0,0,0,0,0,0,0,0,0,0,0,0,0,0,0,0,0,0,0,0,0,0,0,0,0,0,0,0,0,0,0,0,0,0,0,0
"cctctagaggc","PBANKA_082130",0,0,0,0,0,0,0,0,0,0,0,0,0,0,0,0,0,0,0,0,0,0,0,0,0,0,0,0,0,0,0,0,0,0,0,0,1,1,0,0,0,0,0,0,0,0,0,0,0,0,0,0,0,0,0,0,0,0,0,0,0,0,0,0
"cctcttacccg","PBANKA_061520",0,0,0,0,5,5,0,0,0,0,0,0,0,0,0,0,0,0,0,0,0,0,0,0,0,0,0,0,0,0,0,0,0,0,0,0,0,0,0,0,0,0,0,0,0,0,0,0,0,0,0,0,0,0,0,0,0,0,0,0,0,0,0,0
"ccttctaggac","PBANKA_070270",0,0,0,0,0,0,0,0,0,0,0,0,0,0,0,0,0,0,0,0,0,0,0,0,0,0,0,0,0,0,0,0,0,0,0,0,0,0,0,0,0,0,3,3,9,10,0,0,0,0,0,0,0,0,0,0,0,0,0,0,0,0,0,0
"ccttctgtccc","PBANKA_111750",1,0,0,0,0,0,0,0,0,0,0,0,0,0,0,0,0,0,0,0,0,0,0,0,0,0,0,0,0,0,0,0,0,0,0,0,0,0,0,0,0,0,0,0,0,0,0,0,0,0,0,0,0,0,0,0,0,0,0,0,0,0,0,0
"cctttctatgg","PBANKA_020990",0,0,0,0,0,0,0,0,0,0,0,0,0,0,0,0,0,0,0,0,0,0,0,0,0,0,0,0,0,0,0,0,0,0,0,0,0,0,0,0,0,0,0,0,0,0,0,0,0,0,0,0,0,0,0,0,0,0,0,0,3,3,7,7
"cgaacacaaat","PBANKA_122680",2,2,0,0,3,2,0,0,0,0,0,1,0,0,0,0,1,1,0,0,0,0,1,1,1,1,0,0,2,3,1,1,1,1,0,0,3,3,4,5,15,13,0,0,4,3,0,0,771,764,685,675,942,949,897,893,581,579,847,860,493,491,447,450
"cgaaccgcttg","PBANKA_020920",5,6,1,1,1,1,3,2,1,1,0,0,2,1,2,3,0,0,2,3,0,1,5,5,5,5,2,0,3,3,2,1,5,4,0,0,44,43,1,1,74,74,2,2,180,178,1,1,4296,4270,3775,3780,4893,4863,4627,4606,3246,3228,4267,4211,5184,5024,5780,5717
"cgaagttcgtc","PBANKA_082380",0,0,0,0,0,0,0,0,0,0,0,0,0,0,0,0,0,0,0,0,0,0,0,0,0,0,0,0,0,0,0,0,0,0,0,0,2,2,6,6,0,0,0,0,0,0,10,10,0,0,0,0,0,0,0,0,0,0,0,0,0,0,6,6
"cgaatcattgt","PBANKA_094020",0,0,0,0,0,0,0,0,0,0,1,1,0,0,0,0,0,0,0,0,0,0,0,0,0,0,0,0,0,0,0,0,0,0,0,0,0,0,263,257,0,0,0,0,0,0,3,3,0,0,0,0,0,0,0,0,0,0,0,0,0,0,0,0
"cgacacaagtt","PBANKA_121830",0,0,0,0,0,0,0,0,0,0,0,0,0,0,0,0,0,0,2,2,0,0,0,0,0,0,0,0,0,0,0,0,0,0,0,0,0,0,0,0,6,6,0,0,0,0,0,0,0,0,0,0,0,0,0,0,0,0,0,0,0,0,2,2
"cgacattgaag","PBANKA_112230",0,0,0,0,0,0,0,0,0,0,0,0,0,0,0,0,0,0,0,0,0,0,0,0,0,0,0,0,0,0,0,0,0,0,0,0,0,0,0,0,0,0,0,0,0,0,0,0,0,0,0,0,0,0,0,0,0,0,0,0,0,0,1,1
"cgactagtacc","PBANKA_092110",0,0,0,0,0,0,0,0,0,0,0,0,0,0,0,0,0,0,0,0,0,0,0,0,0,0,0,0,0,0,0,0,0,0,0,0,10,11,671,671,0,0,7,6,0,0,0,0,0,0,0,0,0,0,0,0,0,0,0,0,0,0,0,0
"cgagagataca","PBANKA_083110",0,0,2,1,0,0,0,0,0,0,1,2,0,0,0,0,0,0,0,0,0,0,0,0,0,0,0,0,0,0,0,0,0,0,0,0,0,0,2690,2641,1,0,0,0,0,0,16,17,0,1,1,2,0,0,0,0,0,0,0,0,0,0,5,5
"cgagccttgaa","PBANKA_081600",0,0,0,0,0,0,0,0,0,0,0,0,0,0,0,0,0,0,0,0,0,0,0,0,0,0,0,0,0,0,0,0,0,0,0,0,0,0,0,0,0,0,0,0,0,0,0,1,0,0,0,0,0,0,0,0,0,0,0,0,0,0,11,10
"cgagtgcctgc","PBANKA_134970",1,1,0,0,0,0,0,0,0,0,0,0,0,0,0,0,0,0,0,0,0,0,0,0,0,0,0,0,0,0,0,0,0,0,0,0,0,0,0,0,0,0,0,0,14,13,0,0,340,332,282,278,10,12,3,1,85,82,68,63,4,4,0,0
"cgataatcaca","PBANKA_060300",0,0,0,0,0,0,0,0,0,0,0,0,0,0,0,0,0,0,0,0,0,0,0,0,0,0,0,0,0,0,0,0,0,0,0,0,0,0,0,0,0,0,0,0,0,0,0,0,0,0,0,0,0,0,0,0,0,0,0,0,0,0,5,5
"cgattgtatat","PBANKA_111080",320,312,130,127,117,115,66,63,1674,1609,1103,1082,340,328,135,134,256,243,126,127,2191,2100,1174,1141,375,365,346,334,94,95,133,134,2713,2609,2456,2391,380,368,1,1,1,1,1,1,1421,1385,1116,1087,1,1,3,2,1,1,1,0,0,0,3,1,0,0,4,2
"cgcgttttacc","PBANKA_030480",0,0,0,0,0,0,0,0,0,0,0,0,0,0,0,0,0,0,0,0,0,0,0,0,0,0,0,0,0,0,0,0,0,0,0,0,0,0,0,0,0,0,0,0,0,0,0,0,0,0,0,0,0,0,0,0,1,1,0,0,0,0,0,0
"cgctaagtgcg","PBANKA_041700",0,0,0,0,0,0,0,0,0,0,0,0,0,0,0,1,0,0,0,0,0,0,0,0,0,1,0,0,0,0,0,0,0,0,0,0,0,0,0,0,0,0,0,0,0,0,0,0,0,0,0,0,0,0,0,0,0,0,0,0,0,0,0,0
"cgctcactggt","PBANKA_103010",0,0,0,0,0,1,0,0,0,0,0,0,0,0,0,0,0,0,0,0,0,0,1,0,0,0,0,0,0,0,0,0,0,0,0,0,0,0,0,0,1,1,0,0,0,0,0,0,0,0,0,0,0,0,0,0,0,0,0,0,0,0,0,0
"cgctccggtcc","PBANKA_144110",0,0,0,0,0,0,0,0,0,0,0,0,0,0,0,0,0,0,0,0,0,0,0,0,0,0,0,0,0,0,0,0,0,0,0,0,0,0,18,19,0,0,0,0,0,0,4,5,0,0,0,0,0,0,0,0,0,0,0,0,0,0,0,0
"cggaatgccag","PBANKA_031000",0,0,0,0,0,0,0,0,0,0,0,0,0,0,0,0,0,0,0,0,1,0,0,0,0,0,0,0,0,0,0,0,0,0,0,0,0,0,230,231,0,0,0,0,0,0,0,0,0,0,0,0,0,0,0,0,0,0,0,0,0,0,2,2
"cggagatagta","PBANKA_082440",4,4,1,1,2,2,0,0,0,1,4,3,0,0,4,1,1,0,4,4,2,2,2,2,3,4,0,0,2,2,2,0,3,3,3,3,103,102,0,0,37,37,1,1,90,88,0,0,2901,2894,3037,2957,3828,3808,3223,3178,2912,2889,3957,3923,1347,1311,1319,1292
"cggagcggaac","PBANKA_040500",0,0,2,2,0,0,0,0,0,0,1,0,0,0,0,0,1,0,0,0,1,1,0,0,1,1,0,0,0,0,0,0,0,0,0,0,9,10,0,0,12,13,2,2,12,12,1,0,561,553,496,490,1717,1703,1407,1420,499,496,697,703,79,77,78,78
"cggaggtttat","PBANKA_123560",1158,1134,418,412,319,306,143,141,1095,1062,756,754,732,712,389,378,193,179,98,92,452,425,257,250,218,209,214,206,142,138,198,189,261,256,269,260,473,467,0,0,91,87,46,46,444,435,153,149,1,1,0,0,1,1,1,1,0,0,1,1,0,0,0,0
"cggagtacgtt","PBANKA_103440",666,657,320,314,417,405,215,212,599,579,406,400,372,366,249,243,173,164,131,124,169,163,147,143,377,369,343,341,240,234,225,226,309,297,296,286,161,161,117,112,126,122,18,17,40,40,56,54,38,38,14,14,0,0,0,0,0,1,0,0,1,1,1,1
"cggatagtcgt","PBANKA_081700",1442,1399,670,640,4939,4732,2571,2464,3333,3216,2218,2149,1290,1233,746,730,3707,3587,2673,2564,2438,2314,1401,1355,1101,1069,1065,1021,2764,2648,3211,3071,2315,2198,2350,2250,1169,1135,7,5,781,738,425,417,596,579,424,402,2,0,11,9,4,3,5,3,5,2,2,1,8,9,1,0
"cgggctagttc","PBANKA_133370",0,0,0,0,0,0,0,0,0,0,0,0,0,0,0,0,0,0,0,0,0,0,1,0,0,0,0,0,0,0,0,0,0,0,0,0,0,0,0,0,0,0,0,0,0,0,0,0,0,0,0,0,0,0,0,0,0,0,0,0,0,0,0,0
"cggtcatccat","PBANKA_145980",0,0,0,0,0,0,0,0,0,0,1,0,0,0,0,0,0,0,0,0,1,1,0,0,1,1,1,1,0,0,1,1,0,0,0,0,13,13,0,0,0,0,0,0,11,10,0,0,361,353,330,317,619,619,514,506,463,452,580,572,98,98,124,119
"cggtcgaggta","PBANKA_124020",1,0,3,3,0,1,0,0,2,2,1,1,1,0,4,4,1,1,10,9,1,0,0,0,2,2,0,0,1,2,1,1,1,1,1,1,60,56,0,0,83,78,2,1,123,117,0,0,3573,3437,3240,3066,2979,2876,2484,2406,3060,2954,4287,4082,2485,2345,2272,2216
"cggtgaggctt","PBANKA_146370",1,1,1,1,0,0,0,0,2,2,1,1,0,0,0,0,0,0,0,0,0,0,0,0,0,0,0,0,0,0,0,0,1,1,0,0,0,0,2692,2612,0,0,7,7,0,0,32,31,0,0,0,0,0,0,0,0,0,0,0,0,0,0,0,0
"cggtgtgagga","PBANKA_000560",0,0,0,0,0,0,0,0,0,0,0,0,0,0,0,0,0,0,0,0,0,0,0,0,0,0,0,0,0,0,0,0,0,1,0,0,0,0,0,0,0,0,0,0,0,0,0,0,0,0,0,0,0,0,0,0,0,0,0,0,0,0,0,0
"cgtaccctgca","PBANKA_132910",0,0,0,0,0,0,0,0,0,0,0,0,0,0,0,0,0,0,0,0,0,0,0,0,0,0,0,0,0,0,0,0,0,0,0,0,0,0,0,0,0,0,0,0,0,0,19,22,0,0,0,0,0,0,0,0,0,0,0,0,7,6,15,15
"cgtacggggaa","PBANKA_102640",0,0,0,0,0,0,0,0,0,0,0,0,0,0,0,0,0,0,0,0,0,0,0,1,0,0,0,0,0,0,0,0,0,0,0,0,0,0,0,0,0,0,0,0,0,0,0,0,0,0,0,0,0,0,0,0,0,0,0,0,0,0,0,0
"cgtagtaaagc","PBANKA_102120",0,0,0,0,0,0,0,0,0,0,0,0,0,0,0,0,0,0,0,0,0,0,0,0,0,0,0,0,0,1,0,0,0,0,0,0,0,0,0,0,0,0,0,0,0,0,0,0,0,0,0,0,0,0,0,0,0,0,0,0,0,0,0,0
"cgtcggcactg","PBANKA_050210",0,0,0,0,0,0,0,0,0,0,0,0,0,0,0,0,0,0,0,0,0,0,0,0,0,0,0,0,0,0,0,0,0,0,0,0,0,0,0,0,0,0,0,0,0,0,0,0,0,1,0,0,0,0,0,0,0,0,0,0,0,0,0,0
"cgtggcgctag","PBANKA_123830",0,0,0,0,0,0,0,0,0,0,0,0,0,0,0,0,0,0,0,0,0,0,0,0,0,0,0,0,0,0,2,2,0,0,0,0,0,0,0,0,0,0,0,0,0,0,0,0,0,0,0,0,0,0,0,0,0,0,0,0,0,0,0,0
"cgtgggaacat","PBANKA_130490",0,0,0,0,0,0,0,0,0,0,0,0,0,0,0,0,0,0,0,0,0,0,0,0,0,0,0,0,0,0,0,0,0,0,0,0,0,0,0,0,0,0,0,0,0,0,0,0,0,0,0,0,0,1,0,0,0,0,0,0,0,0,0,0
"cgtgttcaccg","PBANKA_140900",4,4,2,3,2,3,0,0,1,0,2,2,2,3,8,5,1,1,5,6,0,1,4,3,5,6,3,2,1,1,4,4,6,6,5,5,127,125,1,1,99,103,2,2,342,332,0,0,6115,6010,5385,5343,3580,3512,3126,3113,5535,5511,7237,7133,1263,1215,1472,1462
"cgttaggtgtg","PBANKA_060820",0,0,0,0,0,0,0,0,0,0,0,0,0,0,0,0,0,0,0,0,0,0,0,0,0,0,0,0,0,0,0,0,0,0,0,0,0,1,0,0,0,0,0,0,0,0,0,0,0,0,0,0,0,0,0,0,0,0,0,0,1,0,0,0
"cgttatgtggg","p230p-tag",11957,11595,5822,5655,1103,1061,524,505,12893,12503,8855,8652,17102,16622,10754,10530,2671,2568,1832,1789,11636,11139,7579,7295,15981,15510,14311,13794,2193,2120,2286,2216,14810,14312,13661,13207,13284,12944,3182,3071,939,892,527,506,9619,9368,6430,6236,500,481,471,458,1113,1088,1039,998,235,227,278,262,1999,1909,2259,2201
"cgttctaggag","PBANKA_061550",0,0,0,0,0,0,0,0,0,0,0,0,0,0,0,0,0,0,0,0,0,0,0,0,0,0,0,0,0,0,0,0,0,0,0,0,0,0,0,0,0,0,0,0,0,0,0,0,0,0,0,0,0,0,0,0,0,1,0,0,0,0,0,0
"cgtttgctggg","PBANKA_131150",0,0,0,0,0,0,0,0,0,0,0,0,0,0,0,0,0,0,0,0,0,0,0,0,0,0,0,0,0,0,0,0,0,0,0,0,0,0,0,0,6,7,0,0,0,0,0,0,0,0,0,0,0,0,0,0,0,0,0,0,0,0,1,1
"cgttttgggcg","PBANKA_020270",612,599,321,311,492,472,258,242,355,346,210,197,945,924,473,455,557,539,372,359,164,156,99,96,765,748,603,587,468,455,598,577,32,29,17,17,389,379,4,4,14,15,19,18,146,138,58,59,2,1,1,1,1,1,0,0,0,0,1,1,0,0,5,7
"ctaattttatt","PBANKA_070990",0,0,0,0,0,0,0,0,0,0,1,1,0,0,0,0,0,0,0,0,0,0,0,0,0,0,0,0,0,0,0,0,0,0,0,0,0,0,0,0,0,0,0,0,0,0,0,0,0,0,7,7,6,6,8,7,102,99,86,87,57,56,56,58
"ctacaagttca","PBANKA_070700",0,0,0,0,0,0,0,0,0,0,0,0,0,0,0,0,0,0,0,0,0,0,0,0,0,0,0,0,1,1,0,0,0,0,0,0,4,4,1,1,2,2,2,2,0,0,20,20,0,0,0,0,0,0,0,0,0,0,0,0,1,1,0,0
"ctccgcttccc","PBANKA_010470",8367,8276,4479,4444,8561,8422,4388,4301,2762,2684,1640,1649,7179,7060,3706,3670,6084,5988,3685,3644,1804,1781,1134,1121,4630,4566,4356,4274,4504,4432,4439,4394,1853,1817,1871,1848,1992,1992,12,12,2177,2187,1083,1058,285,287,372,362,6,4,3,1,8,7,5,5,8,8,10,7,8,9,11,10
"ctcctttctac","PBANKA_091990",1,0,0,0,0,0,0,0,0,0,0,0,0,0,0,0,0,0,0,0,0,0,0,0,0,0,0,0,0,0,0,0,0,0,0,0,0,0,0,0,0,0,0,0,0,0,0,0,0,0,0,0,0,0,0,0,0,0,0,0,0,0,0,0
"ctcgacatcta","PBANKA_083170",0,0,0,0,0,0,1,0,0,0,2,2,1,1,0,0,10,11,2,2,0,0,0,0,0,0,0,0,0,0,1,1,0,0,0,0,0,0,13,14,8,9,10,9,0,0,76,77,5,5,4,3,0,0,0,0,0,0,2,2,0,0,28,31
"ctcttatgctc","PBANKA_142530",0,0,0,0,11,11,0,0,0,0,1,1,0,0,0,0,0,0,0,0,0,0,0,0,0,0,0,0,0,0,0,0,0,0,0,0,0,0,3,3,0,0,7,7,0,0,8,8,0,0,0,0,0,0,0,0,0,0,0,0,0,0,0,0
"ctgaaagcggg","PBANKA_080640",0,0,0,0,0,0,0,0,0,0,0,0,0,0,0,0,0,0,0,0,0,0,0,0,0,0,0,0,0,0,0,0,0,0,0,0,0,0,0,0,0,0,0,0,0,0,0,0,0,0,0,0,0,0,0,0,0,0,0,0,1,1,0,0
"ctgactgtata","PBANKA_103980",2,3,4,4,3,1,3,2,4,3,3,2,3,3,2,1,3,4,5,9,3,2,5,3,4,5,5,6,3,3,4,6,13,9,1,0,93,94,3,3,36,35,7,7,329,325,3,2,6749,6629,6319,6219,10483,10329,8651,8510,5813,5690,8467,8290,6122,5941,6960,6806
"ctgagatagat","PBANKA_000540",0,0,0,0,0,0,0,0,0,0,0,0,0,0,0,0,0,0,0,0,0,0,0,0,0,0,0,0,0,0,0,0,0,0,0,0,0,0,0,0,0,0,0,0,0,0,0,0,0,0,0,0,0,0,0,0,0,0,0,1,0,0,0,0
"ctgagggagct","PBANKA_144650",0,1,0,0,0,0,0,0,0,0,0,0,0,0,0,0,0,0,0,0,0,0,0,0,0,1,0,0,0,0,0,0,0,0,0,0,0,0,0,0,0,0,0,0,0,0,0,0,0,0,0,0,0,0,0,0,0,0,0,0,0,0,0,0
"ctgggaaaaga","PBANKA_142220",0,0,0,0,0,0,0,0,0,0,0,0,0,0,0,0,0,0,1,1,0,0,0,0,0,0,0,0,0,0,0,0,0,0,0,0,0,0,0,0,0,0,0,0,0,0,0,0,0,0,0,0,0,0,0,0,0,0,0,0,0,0,0,0
"ctggttattaa","PBANKA_091870",0,0,0,0,0,0,0,0,0,0,0,0,0,0,0,0,0,0,0,0,0,0,0,0,0,0,0,0,0,0,0,0,0,0,0,0,0,0,7,7,0,0,4,4,0,0,23,23,0,0,0,0,0,0,0,0,0,0,0,0,0,0,0,0
"ctgtatgtgtt","PBANKA_061150",0,0,0,0,0,0,0,0,0,0,0,0,0,0,0,0,0,0,0,0,0,0,0,0,0,0,0,0,0,0,0,0,0,0,0,0,0,0,1,0,0,0,0,0,0,0,0,0,0,0,0,0,0,0,0,0,0,0,0,0,0,0,0,0
"ctgtgactgct","PBANKA_130190",5811,5732,3173,3146,5539,5459,3062,2984,3329,3267,2313,2267,7933,7819,5347,5301,6960,6833,5179,5070,4312,4143,2927,2855,7109,6984,6573,6400,7590,7433,7922,7781,6170,6058,6051,5933,5634,5559,20,20,4053,3972,2253,2196,1953,1937,1347,1335,13,15,16,14,12,11,12,11,11,9,5,5,3,4,3,3
"ctgttactggt","PBANKA_051710",0,0,0,0,0,0,0,1,0,0,0,0,0,0,0,0,0,0,0,0,0,0,0,0,0,0,0,0,0,0,0,0,0,1,0,0,0,0,0,0,0,0,0,0,0,0,0,0,0,0,0,0,0,0,0,0,0,0,0,0,0,0,0,0
"ctgtttcgtgt","PBANKA_080060",0,0,0,0,0,0,0,0,0,0,0,0,0,0,0,0,0,0,2,2,0,0,0,0,0,0,0,0,0,0,0,0,0,0,0,0,4,6,0,0,0,0,0,0,0,0,0,0,0,0,0,0,0,0,0,0,0,0,0,0,0,0,18,17
"cttagaattat","PBANKA_130230",0,0,0,0,0,0,0,0,0,0,0,0,0,0,0,0,0,0,0,0,0,0,0,0,0,0,0,0,0,0,0,0,0,0,0,0,0,0,0,0,0,0,0,0,0,0,0,0,0,0,0,0,0,0,0,0,0,0,0,0,0,0,6,6
"cttattcacct","PBANKA_103300",0,0,0,0,0,0,0,0,0,0,0,0,0,0,0,0,0,0,0,0,0,0,0,0,0,0,0,0,0,0,0,0,0,0,0,0,0,0,0,0,0,0,0,0,0,0,0,0,0,0,0,0,0,0,0,0,0,0,0,1,0,0,0,0
"cttcaagccgt","PBANKA_050650",0,0,0,0,0,0,0,0,0,0,0,0,0,0,0,0,0,0,0,0,0,0,0,0,0,0,0,0,0,0,0,0,0,0,0,0,0,0,0,0,0,0,0,0,0,0,0,0,0,0,0,0,0,0,0,0,1,1,0,0,0,0,0,0
"cttgtggaccg","PBANKA_082370",0,0,0,0,0,0,0,0,0,0,0,0,0,0,0,0,0,0,0,0,0,0,0,0,0,0,0,0,0,0,0,0,0,0,0,0,0,0,0,0,0,0,0,0,0,0,0,0,0,1,0,0,0,0,0,0,0,0,0,0,0,0,0,0
"ctttagcgcat","PBANKA_112780",0,0,0,0,3,3,0,0,0,0,0,0,0,0,0,0,0,0,1,1,0,0,0,0,0,0,0,0,0,0,0,0,0,0,0,0,0,0,0,0,0,0,0,0,0,0,0,0,0,0,0,0,0,0,0,0,0,0,0,0,0,0,0,0
"ctttcgtccgt","PBANKA_090420",0,0,0,0,0,0,0,0,0,0,0,0,0,0,0,0,0,0,0,0,0,0,0,0,0,0,0,0,0,0,0,0,0,0,0,0,16,16,0,0,5,4,0,0,15,15,0,0,0,0,1,1,0,0,0,0,0,0,0,0,2,2,37,38
"ctttgattagg","PBANKA_140980",0,0,0,0,0,0,0,0,0,0,0,0,0,0,0,0,0,0,0,0,0,0,0,0,0,0,0,0,0,0,0,0,0,0,0,0,10,9,0,0,11,9,0,0,0,0,0,0,19,18,15,15,166,166,115,108,41,41,38,37,39,40,70,70
"gaaacagtacc","PBANKA_121240",0,0,0,0,0,0,0,0,0,0,0,0,0,0,0,0,0,0,3,2,0,0,0,0,0,0,0,0,0,0,0,0,0,0,0,0,0,0,0,0,0,0,0,0,0,0,4,4,0,0,0,0,0,0,0,0,0,0,0,0,0,0,4,4
"gaacacgtttt","PBANKA_092010",0,0,0,0,0,0,0,0,0,0,0,0,0,0,0,0,0,0,0,0,0,0,0,0,0,0,0,0,0,0,0,0,0,0,0,0,0,0,0,0,0,0,0,0,0,0,1,1,0,0,0,0,0,0,0,0,0,0,0,0,0,0,0,0
"gaagtgcgtat","PBANKA_111440",248,242,111,114,759,734,473,450,948,922,584,561,0,0,0,0,0,0,4,4,22,22,16,10,2,2,0,0,0,0,1,1,4,4,9,9,0,0,0,0,0,0,0,0,0,0,0,0,0,0,0,0,1,0,0,0,1,1,0,0,0,0,0,0
"gaatggaacag","PBANKA_113740",0,0,0,0,0,0,0,0,2,0,0,0,1,1,0,0,0,0,2,3,1,1,1,2,3,3,0,0,2,2,0,0,0,0,0,0,37,37,0,0,21,19,0,0,6,5,0,0,1039,1026,960,933,1110,1101,1007,989,265,265,414,393,830,804,886,862
"gaatggcacac","PBANKA_031130",0,0,0,0,0,0,0,0,0,0,0,0,0,0,0,0,0,0,0,0,0,0,0,0,0,0,0,0,0,0,0,0,0,0,0,0,0,0,0,0,0,0,1,0,0,0,0,0,0,0,0,0,0,0,0,1,0,0,0,0,0,0,0,0
"gacgggactac","PBANKA_010580",3,4,0,0,1,1,0,1,0,1,4,3,2,2,2,2,0,0,6,8,1,2,0,0,2,1,0,0,0,1,2,4,1,1,0,0,23,24,1,1,8,10,0,0,49,56,0,0,2646,2687,2327,2380,1973,2020,1773,1793,1627,1660,2339,2390,1000,985,1285,1292
"gacgttgctga","PBANKA_113340",0,0,0,0,0,0,0,0,0,0,0,0,0,0,0,0,0,0,0,0,0,0,0,0,0,0,0,0,0,0,0,0,0,0,0,0,0,0,0,0,0,0,0,0,0,0,5,5,0,0,0,0,0,0,0,0,0,0,0,0,0,0,0,0
"gagatggcatc","PBANKA_130280",0,0,0,0,0,0,0,0,0,0,0,0,0,0,0,0,0,0,0,0,0,0,0,0,0,0,0,0,0,0,0,0,0,0,0,0,11,11,0,0,0,0,0,0,4,3,19,21,0,0,0,0,0,0,0,0,0,0,0,0,0,0,0,0
"gagattgcgcg","PBANKA_020970",0,0,0,0,2,3,0,0,0,0,0,0,0,0,0,0,0,0,0,0,0,0,0,0,0,0,0,0,0,0,0,0,0,0,0,0,0,0,0,0,0,0,0,0,0,0,0,0,0,0,0,0,0,0,0,0,0,0,0,0,0,0,3,3
"gagtagatctg","PBANKA_093370",0,0,0,0,0,0,0,0,0,0,0,0,0,0,0,0,0,0,0,0,0,0,0,0,0,0,0,0,0,0,0,0,0,0,0,0,0,0,0,0,0,0,0,0,22,23,0,0,0,0,0,0,0,0,0,0,0,0,0,0,0,0,0,0
"gataacgcaat","PBANKA_145480",0,0,0,0,0,0,0,0,0,0,0,0,0,0,0,0,0,0,0,0,0,0,0,0,0,0,0,0,0,0,0,0,0,0,0,0,0,0,0,0,0,0,0,0,0,0,0,0,0,0,0,0,1,0,0,0,0,0,0,0,0,0,0,0
"gatcctgtgcg","PBANKA_093390",0,0,0,0,1,1,0,0,0,0,0,0,0,0,0,0,0,0,1,1,0,0,0,0,0,0,0,0,0,0,0,0,0,0,0,0,0,0,0,0,0,0,0,0,0,0,0,0,0,0,0,0,0,0,0,0,0,0,0,0,0,0,0,0
"gatcgccgaaa","PBANKA_145830",0,0,0,0,0,0,0,0,0,0,0,0,0,0,0,0,0,0,0,0,0,0,0,0,0,0,0,0,0,0,0,1,0,0,0,0,0,0,0,0,0,0,0,0,0,0,0,0,0,0,0,0,0,0,0,0,0,0,0,0,0,0,0,0
"gatgtgttcct","PBANKA_081420",0,0,0,0,4,3,0,0,0,0,0,0,0,0,0,0,0,0,0,0,0,0,2,2,0,0,3,2,0,0,0,0,0,0,0,0,3,3,0,0,0,0,9,9,0,0,29,26,0,0,0,0,0,0,0,0,2,2,0,0,0,0,0,0
"gcaaatttttt","PBANKA_090180",2,3,2,2,1,2,0,0,1,1,0,1,0,0,0,0,2,2,0,0,0,0,0,1,4,4,0,0,0,1,1,1,0,0,1,1,4,4,0,0,13,13,0,0,39,39,0,0,1193,1203,1110,1110,1062,1061,1063,1079,1085,1073,1549,1560,267,260,291,291
"gcaatcaatgc","PBANKA_080810",0,0,0,0,0,0,0,0,0,0,0,0,0,0,0,0,0,0,0,0,0,0,0,0,0,0,0,0,0,0,0,0,0,0,0,0,0,0,0,0,0,0,0,0,0,0,0,0,0,0,0,0,0,0,3,3,0,0,0,0,0,0,0,0
"gcacttgatcg","PBANKA_111330",689,670,275,276,281,286,180,176,887,878,671,675,1387,1377,966,970,534,539,346,332,1559,1499,963,966,962,957,931,903,444,444,454,448,1139,1128,1041,1032,314,313,0,0,1,1,0,0,488,480,433,429,1,1,2,3,1,1,1,0,5,4,0,1,2,3,1,1
"gcacttgttcc","PBANKA_080300",0,0,0,0,0,0,0,0,0,0,0,0,0,0,0,0,0,0,0,0,0,0,0,1,0,0,0,0,0,0,0,0,0,0,0,0,0,0,0,0,0,0,0,0,0,0,0,0,0,0,0,0,0,0,0,0,0,0,0,0,0,0,0,0
"gcagatcgtgg","PBANKA_113550",0,0,0,0,2,1,0,0,3,1,0,0,1,0,1,2,0,1,12,9,1,1,5,5,0,0,4,3,2,1,3,3,1,1,0,0,68,62,1,1,42,42,1,1,56,55,3,3,3492,3417,3076,2947,2904,2839,2720,2658,3178,3102,4257,4085,1881,1762,2061,1997
"gcagcgtcggt","PBANKA_071720",0,0,0,0,0,0,0,0,0,0,0,0,0,0,0,0,0,0,0,0,0,0,0,0,0,0,0,0,0,0,0,0,0,0,0,0,0,0,0,0,0,0,0,0,0,0,0,0,2,2,0,0,0,0,0,0,27,28,14,14,0,0,0,0
"gcagtcacttg","PBANKA_050930",24,25,6,6,17,17,18,18,22,21,43,42,44,45,14,11,30,32,18,21,3,4,2,2,0,0,0,0,0,0,0,0,0,0,0,0,0,0,0,0,0,0,0,0,0,0,0,0,0,0,0,0,0,0,0,0,0,0,0,0,0,0,0,0
"gcatcatcccc","PBANKA_082800",1892,1897,867,875,574,571,297,297,1475,1475,1134,1115,6,6,0,0,0,1,2,2,0,0,7,7,0,0,0,0,2,2,0,0,0,0,1,0,2,1,4,5,0,0,0,0,0,0,1,1,1,1,0,0,0,0,1,1,0,0,0,0,0,0,1,1
"gccagatgtat","PBANKA_031270",0,0,0,0,2,1,0,0,0,0,0,0,0,0,0,0,0,0,0,0,0,0,0,0,0,0,0,0,0,0,0,0,0,0,0,0,0,0,0,0,0,0,2,2,0,0,0,0,0,0,0,0,0,0,0,0,0,0,0,0,0,0,0,0
"gccccccaaca","PBANKA_142600",189,182,67,68,124,118,58,58,273,268,173,183,205,208,118,124,118,123,82,86,84,78,48,50,86,88,81,86,0,0,0,0,71,70,70,71,114,114,0,0,342,344,178,185,473,468,467,467,1,0,0,0,0,0,0,0,0,0,1,0,0,0,0,0
"gcccggcgggt","PBANKA_130520",0,0,0,0,0,0,0,0,0,0,0,0,0,0,0,0,0,0,0,0,0,0,0,0,0,0,0,0,0,0,0,0,0,0,0,0,0,0,0,0,0,0,0,0,0,0,0,0,0,0,0,0,0,0,0,0,0,0,0,0,0,0,4,4
"gccggaataaa","PBANKA_144690",0,0,0,0,0,0,0,0,0,0,0,0,0,0,0,0,0,0,0,0,0,0,0,0,0,0,0,0,0,0,0,0,0,0,0,0,0,0,0,0,0,0,0,0,0,0,0,0,0,0,0,0,0,0,0,0,0,0,0,0,0,0,2,2
"gcgcatctttc","PBANKA_051140",0,0,0,0,0,0,0,0,0,0,0,0,0,0,0,0,0,0,0,0,0,0,0,0,0,0,0,0,0,0,0,0,0,0,0,0,0,0,0,0,0,0,0,0,0,0,0,0,0,0,0,0,0,0,0,0,0,0,0,0,0,0,2,2
"gcgcgtccccc","PBANKA_101550",0,1,0,0,0,0,0,0,0,0,0,0,0,0,0,0,0,0,0,0,0,1,1,0,0,0,0,0,0,0,0,0,0,0,0,0,0,0,0,0,0,0,0,0,0,0,0,0,0,0,0,0,0,0,0,0,1,0,0,0,0,0,0,0
"gcggatctagc","PBANKA_041010",0,0,0,0,0,0,0,0,0,0,0,0,0,0,0,0,0,0,1,1,0,0,0,0,0,0,0,0,0,0,1,1,0,0,0,0,0,0,0,0,0,0,0,0,0,0,0,0,0,0,0,0,0,0,0,0,0,0,0,0,0,0,0,0
"gcgtcgtgaag","PBANKA_100220",0,0,0,0,0,0,0,0,0,0,0,0,0,0,0,0,0,0,0,0,0,0,0,0,0,0,0,0,0,0,0,0,0,0,0,0,0,0,10,10,0,0,0,0,0,0,0,0,0,0,0,0,0,0,0,0,0,0,0,0,0,0,0,0
"gcgttacggct","PBANKA_123960",0,0,0,0,0,0,0,0,0,0,0,0,0,0,0,0,0,0,0,0,0,0,0,0,0,0,0,0,0,0,0,0,0,0,0,0,6,6,0,0,0,0,0,0,3,3,0,0,0,0,0,0,0,0,0,0,0,0,0,0,0,0,22,21
"gctaagattca","PBANKA_081970",2784,2735,1417,1386,1770,1739,919,901,1927,1867,1302,1319,3196,3185,1829,1828,2370,2329,1500,1462,1629,1575,999,984,2082,2054,1819,1787,2725,2671,2862,2821,1717,1670,1700,1678,290,299,7,9,540,520,304,295,1238,1220,775,763,3,2,3,4,2,4,3,3,9,5,3,3,1,1,2,2
"gctcgagtctc","PBANKA_021420",0,0,0,0,3,3,0,0,0,0,0,0,0,0,0,0,0,0,0,0,0,0,0,0,0,0,0,0,0,0,0,0,0,0,0,0,0,0,0,0,0,0,0,0,0,0,0,0,0,0,0,0,0,0,0,0,0,0,0,0,0,0,0,0
"gctcgtcgacc","PBANKA_010520",4213,4149,2426,2422,2678,2672,1504,1477,3539,3481,2761,2735,8250,8121,6357,6355,4504,4459,3466,3405,3225,3174,2343,2322,6898,6874,6371,6270,3729,3687,4286,4254,3570,3529,3656,3624,4617,4621,15,14,2148,2105,1303,1286,2068,2055,2087,2075,4,4,4,4,2,2,3,2,3,4,9,12,1,1,6,7
"gctctcagtgg","PBANKA_071390",0,0,0,0,5,5,0,0,0,0,0,0,0,0,1,1,0,0,0,0,0,0,1,3,0,0,0,0,0,0,0,0,0,0,0,0,0,0,2,2,0,0,0,0,0,0,0,0,0,0,0,0,0,0,0,0,0,0,0,0,0,0,0,0
"gctgccacaaa","PBANKA_141470",6,7,3,3,5,5,3,3,2,0,1,1,4,4,10,10,6,10,16,17,1,0,7,5,17,18,4,4,4,4,7,7,14,14,3,4,174,176,6,7,140,145,4,4,384,378,2,2,10402,10315,9914,9869,10989,10952,9611,9544,9546,9535,13027,12956,4324,4188,4944,4924
"gctggtacgaa","PBANKA_091230",0,0,0,0,0,0,0,0,0,0,0,0,0,0,0,0,0,0,0,0,0,0,0,0,0,0,0,0,0,0,0,0,0,0,0,0,0,0,230,223,0,0,6,6,0,0,0,0,0,0,0,1,0,0,0,0,0,0,0,0,0,0,0,0
"gctgtcgcgta","PBANKA_083250",0,0,0,0,0,0,0,0,0,0,0,0,0,0,0,0,0,0,0,0,0,0,0,0,0,0,0,0,0,0,0,0,0,0,0,0,5,4,0,0,4,4,0,0,0,0,0,0,0,0,0,0,0,1,0,0,0,0,0,0,1,0,5,4
"gcttcgttatt","PBANKA_090950",0,0,0,0,0,0,0,0,0,0,4,4,1,0,2,2,2,1,0,0,2,2,0,1,0,1,1,2,0,0,0,0,0,0,0,0,0,0,4281,4153,0,0,0,0,15,15,0,0,0,0,0,0,0,0,0,0,0,0,1,1,0,0,0,0
"gcttgcctact","PBANKA_144120",0,0,0,0,0,0,0,0,0,0,0,0,0,0,0,0,0,0,0,0,0,0,0,0,0,0,0,0,0,0,0,0,0,1,0,0,0,0,0,0,0,0,0,0,0,0,0,0,0,0,0,0,0,0,0,0,0,0,0,0,0,0,0,0
"gctttggcggc","PBANKA_143620",275,263,139,131,569,551,331,320,259,248,220,205,430,420,261,252,749,720,472,446,417,404,255,243,577,562,476,452,895,846,916,895,257,243,282,266,1,1,0,0,70,63,43,40,1,1,14,14,2,1,1,1,0,0,1,1,3,2,1,0,0,0,0,0
"ggaagaaaaac","PBANKA_140010",0,0,0,0,0,0,0,0,0,0,0,0,0,0,0,0,0,0,0,0,0,0,0,0,0,0,0,0,0,0,0,0,0,0,0,0,0,0,0,0,0,0,0,0,0,0,0,0,0,0,0,0,0,1,0,0,0,1,1,0,0,0,0,0
"ggaatcgagtc","PBANKA_143090",0,1,3,3,0,0,0,1,1,0,0,0,1,1,0,0,0,0,0,0,2,2,5,6,1,1,0,0,1,1,0,0,6,5,0,0,18,18,0,0,9,11,1,1,32,31,1,1,1073,1058,1093,1098,1263,1255,1181,1181,1518,1514,1855,1835,642,602,581,555
"ggatactgtag","PBANKA_040590",0,0,0,0,0,0,0,0,0,0,0,0,0,0,0,0,0,0,0,0,0,0,1,0,1,1,0,0,1,2,0,0,0,0,0,0,22,23,1,1,1,0,0,0,8,8,1,1,458,445,512,508,577,560,504,495,429,427,712,705,231,218,196,197
"ggatgtcagaa","PBANKA_081120",0,0,0,0,0,0,0,0,0,0,0,0,0,0,0,0,0,0,0,0,0,0,0,0,0,0,0,0,0,0,4,4,0,0,0,0,0,0,0,0,0,0,1,1,0,0,0,0,0,0,0,0,0,0,0,0,0,0,0,0,0,0,4,4
"ggcaccctacc","PBANKA_110760",0,0,0,0,0,4,0,0,0,0,0,0,0,0,0,0,0,0,0,0,0,0,0,0,0,0,0,0,0,0,0,0,0,0,0,0,0,0,0,0,0,0,0,0,0,0,0,0,0,0,0,0,0,0,0,0,0,0,0,0,0,0,0,0
"ggcagtatggg","PBANKA_121690",1,1,0,0,0,0,0,0,0,0,0,0,0,0,0,0,0,0,1,1,0,0,0,0,0,0,0,0,0,0,0,0,0,0,0,0,15,19,0,0,0,0,0,0,28,27,0,0,0,0,0,0,0,0,1,1,0,0,0,0,0,0,6,5
"ggcagtgaaac","PBANKA_145780",0,0,0,0,0,0,0,0,0,0,0,0,0,0,0,0,0,0,0,0,0,0,0,0,0,0,0,0,0,0,0,0,0,0,0,0,0,0,0,0,0,0,0,0,0,0,0,0,0,0,0,0,0,0,0,0,0,0,0,1,0,0,0,0
"ggccctccggt","PBANKA_122100",0,0,0,0,2,2,0,0,0,0,1,1,0,0,0,0,0,0,1,1,0,0,0,0,0,0,0,0,0,0,0,0,0,0,0,0,0,0,0,0,0,0,0,0,0,0,0,0,0,0,0,0,0,0,0,0,0,0,0,0,0,0,1,1
"ggcgatgtttc","PBANKA_092550",655,639,319,323,740,725,428,414,844,828,558,565,1310,1293,843,836,718,711,521,506,1180,1151,739,726,2098,2069,1919,1893,484,484,634,616,657,645,643,619,593,590,2,2,266,250,142,142,83,79,180,174,1,2,1,1,0,0,1,1,0,0,1,1,1,0,0,0
"ggcgcatgcat","PBANKA_102020",0,0,0,0,0,0,0,0,0,0,2,2,0,0,0,0,1,1,0,0,0,0,0,0,0,0,0,0,0,0,0,0,0,0,0,0,0,0,0,0,0,0,0,0,0,0,0,0,0,0,0,0,0,0,0,0,0,0,0,0,4,4,5,5
"ggcgcccttag","PBANKA_132800",0,0,0,0,1,0,0,0,0,0,0,0,0,0,0,0,0,0,0,0,0,0,0,0,0,0,0,0,0,0,0,0,0,0,0,0,0,0,0,0,0,0,0,0,0,0,0,0,0,0,0,0,0,0,0,0,0,0,0,0,0,0,0,0
"ggcgctgctct","PBANKA_113380",0,0,0,0,0,0,0,0,0,0,0,0,0,0,0,0,0,0,0,0,0,0,0,0,0,1,0,0,0,0,0,0,0,0,0,0,7,7,0,0,0,0,5,4,0,0,1,1,0,0,0,0,0,0,0,0,1,1,0,0,0,0,11,13
"ggcggagtgat","PBANKA_123150",0,0,0,0,1,0,0,0,0,0,0,0,0,0,0,0,0,0,0,0,0,0,0,0,0,0,0,0,0,0,0,0,0,0,0,0,0,0,100,95,0,0,2,2,0,0,1,1,0,0,0,0,0,0,0,0,0,0,0,0,0,0,0,0
"ggcgtaccccg","PBANKA_082230",0,0,0,0,0,0,0,0,0,0,0,0,0,0,0,0,0,0,0,0,0,0,0,0,0,0,0,0,0,0,0,0,0,0,0,0,0,0,1,1,3,4,6,7,0,0,0,0,0,0,0,0,0,0,0,0,0,0,0,0,0,0,0,0
"ggctaggccgc","PBANKA_041050",0,0,0,0,0,0,2,1,0,0,6,6,0,0,0,0,0,0,0,0,0,0,0,0,0,0,0,0,0,0,0,0,0,0,0,0,6,8,2353,2316,0,0,1,1,0,0,0,0,1,0,0,0,1,0,0,0,0,0,0,0,0,0,0,0
"ggctgtgagtc","PBANKA_102600",0,0,0,0,0,0,0,0,0,0,0,0,0,0,0,0,0,0,0,0,0,0,0,0,0,0,0,0,0,0,0,0,0,0,2,2,0,0,0,0,2,2,0,0,27,27,0,0,0,0,0,0,0,0,0,0,0,0,0,0,0,0,9,9
"ggctgttgccg","PBANKA_141170",0,0,0,0,0,0,0,0,0,0,0,0,0,0,0,0,0,0,0,0,0,0,0,0,0,0,0,0,0,1,0,0,0,0,0,0,0,0,0,0,0,0,0,0,0,0,0,0,0,0,0,0,0,0,0,0,0,0,0,0,0,0,0,0
"gggaattaaga","PBANKA_143750",0,0,0,0,0,0,1,1,0,0,0,0,0,0,0,0,0,0,0,0,0,0,0,0,0,0,0,0,0,0,0,0,0,0,0,0,8,8,5,5,0,0,2,2,0,0,10,10,0,0,0,0,0,0,0,0,0,0,0,0,0,0,0,0
"gggatctatac","PBANKA_020420",0,0,0,0,0,1,0,0,0,0,1,2,0,0,0,0,0,0,0,0,0,0,0,0,0,0,0,0,0,0,0,0,0,0,0,0,0,1,692,790,0,0,0,0,0,0,4,4,0,0,0,0,0,0,0,0,0,0,0,0,0,0,0,0
"gggatgccctt","PBANKA_040460",0,0,0,0,0,0,0,0,0,0,1,1,0,0,0,0,1,0,0,0,0,0,0,0,0,0,0,0,0,0,0,0,0,0,0,0,0,0,0,0,0,0,1,1,0,0,8,8,0,0,1,1,0,0,0,0,0,0,0,0,0,0,9,9
"gggcgtctccc","PBANKA_131720",737,732,383,385,3539,3493,1835,1788,5447,5342,3626,3603,2390,2328,1465,1463,6647,6508,4417,4330,10612,10242,6680,6546,636,607,665,656,1371,1347,1515,1464,2623,2573,2442,2409,265,260,6,8,351,345,152,145,756,758,511,505,3,4,6,5,5,3,7,7,7,4,9,5,3,3,3,2
"gggtgtgtcgc","PBANKA_114140",0,0,0,0,0,1,0,0,0,0,0,0,0,0,0,0,0,0,0,0,0,0,0,0,0,0,0,0,0,0,0,0,0,0,0,0,0,0,0,0,0,0,0,0,0,0,0,0,0,0,0,0,0,0,0,0,0,0,0,0,0,0,0,0
"ggtagggtcac","PBANKA_061190",0,0,0,0,0,0,0,0,0,0,0,0,0,0,0,0,0,0,0,0,0,0,0,0,0,0,0,0,0,0,0,0,0,0,0,1,0,0,0,0,0,0,0,0,0,0,0,0,0,0,0,0,0,0,0,0,0,0,0,0,0,0,0,0
"ggtatgagccc","PBANKA_051720",0,0,0,0,0,0,0,0,0,0,3,3,0,0,0,0,0,0,0,0,0,0,0,0,0,0,0,0,0,0,0,0,0,0,0,0,0,0,2733,2689,1,1,5,5,3,3,5,3,0,0,0,0,1,1,0,0,0,0,1,1,0,0,0,0
"ggtattgaaac","PBANKA_031070",0,0,0,0,0,0,0,0,0,0,0,0,0,0,0,0,0,0,0,0,0,0,0,0,0,0,0,0,0,0,0,0,0,0,0,0,0,0,0,0,0,0,0,0,0,0,0,0,0,0,0,0,0,0,0,1,0,0,0,0,0,0,0,0
"ggtccggttcg","PBANKA_082750",0,0,0,0,2,2,0,0,0,0,0,0,0,0,0,0,0,0,0,0,0,0,0,0,0,0,0,0,0,0,0,0,0,0,0,0,0,0,2,2,0,0,0,0,0,0,0,0,0,0,0,0,0,0,0,0,0,0,0,0,0,0,0,0
"ggtcggatccc","PBANKA_030160",0,0,0,0,0,0,0,0,0,0,0,0,0,0,0,0,0,0,0,0,0,0,0,0,0,0,1,0,0,0,0,0,0,0,0,0,0,0,0,0,0,0,0,0,0,0,0,0,0,0,0,0,0,0,0,0,0,0,0,0,0,0,0,0
"ggttccgccta","PBANKA_140400",0,0,0,0,0,0,0,0,0,0,0,0,0,0,0,0,0,0,0,0,0,0,0,0,0,0,0,0,0,0,0,0,0,0,0,0,17,19,0,0,0,0,0,0,8,9,0,0,0,0,0,0,0,0,0,0,0,0,0,0,4,4,26,26
"ggttgccccct","PBANKA_040670",0,0,1,1,0,0,0,0,0,0,0,0,0,0,0,0,2,2,0,0,2,2,0,0,0,0,2,2,0,0,0,0,0,0,0,0,2,2,4,4,5,4,2,2,0,0,37,35,0,0,0,0,0,0,0,0,0,0,0,0,0,0,9,10
"gtaacagcgtc","PBANKA_080940",1,1,1,0,4,3,1,1,0,0,1,1,1,1,1,1,3,2,4,4,0,0,1,1,3,3,0,1,1,0,1,1,4,2,0,1,43,44,0,0,51,50,1,1,78,75,0,0,2973,2867,2666,2598,2281,2209,1863,1836,2681,2613,3367,3311,1409,1351,1609,1570
"gtagctaggaa","PBANKA_131070",0,0,0,0,0,0,3,3,0,0,0,0,0,0,0,0,0,0,0,0,0,0,0,0,0,0,0,0,0,0,0,0,0,0,0,0,4,4,3,3,1,1,3,3,23,23,3,3,0,0,0,0,0,0,0,0,0,0,0,0,0,0,6,6
"gtagcttctac","PBANKA_111970",0,0,0,0,0,0,0,0,0,0,0,0,0,0,0,0,0,0,0,0,0,0,0,0,0,0,0,0,0,0,1,1,0,0,0,0,0,0,0,0,3,3,0,0,0,0,0,0,263,261,181,180,39,39,52,51,153,151,191,195,0,0,5,5
"gtatatagtta","PBANKA_092180",0,0,0,0,0,0,0,0,0,0,2,2,0,0,0,0,0,0,0,0,0,0,0,0,0,0,0,0,0,0,0,0,0,0,0,0,0,0,1422,1362,0,0,0,0,1,1,1,1,0,0,0,0,0,0,0,0,0,0,0,0,0,0,0,0
"gtcaaaggtcg","PBANKA_051900",0,0,2,2,1,2,2,1,1,0,3,3,1,0,1,0,1,1,6,6,3,2,3,4,4,4,0,0,2,1,4,2,3,2,1,1,62,58,2,0,99,92,4,5,220,218,1,1,4413,4202,4147,3920,3292,3110,3202,3001,4050,3852,5537,5284,6034,5621,6354,5988
"gtcccgttact","PBANKA_110320",0,0,0,0,0,0,0,0,0,0,0,0,0,0,0,0,0,0,0,0,0,0,0,0,0,0,0,0,0,0,0,0,0,0,0,0,0,0,0,0,0,0,0,0,11,12,0,0,0,0,0,0,0,0,0,0,0,0,0,0,3,3,8,7
"gtccctggctc","PBANKA_112100",0,0,0,0,0,0,0,0,1,1,1,0,1,1,0,0,1,1,2,2,0,0,0,0,1,1,0,0,0,0,1,0,0,0,0,0,31,31,0,0,14,13,2,2,29,30,0,0,882,857,729,710,610,587,569,540,400,391,547,538,258,245,380,390
"gtcccttgggg","PBANKA_070690",0,0,0,0,0,0,0,0,0,0,0,0,0,0,0,0,0,0,0,0,0,0,0,0,0,0,0,0,0,0,0,0,0,0,0,0,0,0,0,0,0,0,0,0,35,30,0,0,0,0,0,0,0,0,0,0,0,0,0,0,2,1,20,21
"gtcctaggttg","PBANKA_031390",0,0,0,0,0,0,0,0,0,0,0,0,0,0,0,0,0,0,0,0,0,0,0,0,0,0,0,0,0,0,1,0,0,0,0,0,0,0,0,0,0,0,0,0,0,0,0,0,0,0,0,0,0,0,0,0,0,0,0,0,0,0,0,0
"gtcggctaggt","PBANKA_114370",0,0,0,0,0,0,0,0,0,0,0,0,0,0,0,0,0,0,0,0,0,0,0,0,0,0,0,0,0,0,0,0,0,0,0,0,0,0,0,0,2,1,0,0,0,0,0,0,0,0,0,0,0,0,0,0,0,0,0,0,0,0,1,0
"gtcttccccaa","PBANKA_020750",0,0,0,0,0,0,0,0,0,0,0,0,0,0,0,0,1,0,0,0,0,0,0,0,0,0,0,0,0,0,0,0,0,0,0,0,0,0,0,0,0,0,0,0,0,0,0,0,0,0,0,0,0,0,0,0,0,0,0,0,0,0,0,0
"gtgtctcatct","PBANKA_100350",1,1,1,0,2,0,0,0,0,1,0,0,1,1,0,0,2,2,2,2,0,0,1,0,0,0,0,0,0,0,0,0,4,4,0,0,50,49,1,1,5,4,1,0,82,80,0,0,1510,1418,1362,1315,1494,1418,1312,1246,848,803,1038,1000,931,870,1067,1033
"gttaatcgcag","PBANKA_071670",71,61,48,48,290,278,156,149,133,130,75,73,144,138,77,77,137,138,111,105,64,59,50,49,132,126,145,140,134,132,155,152,205,202,224,221,33,32,0,0,75,75,56,56,143,137,222,223,0,0,1,1,0,0,0,0,0,0,1,1,0,0,0,0
"gttagcaacgc","PBANKA_082250",0,0,0,0,0,0,0,0,0,0,0,0,0,0,0,0,0,0,0,0,0,0,0,0,0,0,0,0,0,0,0,0,0,0,0,0,0,0,0,0,0,0,0,0,0,0,0,0,0,1,0,0,0,0,1,1,0,1,0,2,2,0,0,0
"gttagcatgca","PBANKA_030820",0,0,0,0,0,0,0,0,0,0,0,0,0,0,0,0,0,0,1,1,0,0,0,0,0,0,0,0,0,0,0,0,0,0,0,0,0,0,0,0,0,0,3,3,0,0,9,9,0,0,0,0,0,0,0,0,0,0,0,0,0,0,2,2
"gttagtaacac","PBANKA_122520",24,24,10,7,8,11,6,4,10,10,12,15,18,19,19,20,8,8,60,65,12,10,28,26,33,34,18,15,14,12,10,13,33,32,11,6,577,585,25,23,481,484,17,16,1422,1441,15,19,32784,32708,30759,30767,28710,28740,25791,25836,39989,40063,54719,54786,26238,25533,30111,30143
"gttataggcga","PBANKA_100950",0,0,0,0,0,0,0,0,0,0,0,0,0,0,0,0,0,0,0,0,0,0,0,0,0,0,0,0,0,0,0,0,0,0,0,0,0,0,0,0,0,0,0,0,0,0,0,0,0,0,0,0,0,0,0,0,0,0,0,0,0,0,4,4
"gttattaatac","PBANKA_051480",0,0,0,0,0,0,0,0,0,0,0,0,0,0,0,0,0,0,0,0,0,0,0,0,0,0,0,0,0,0,0,0,0,0,0,0,0,0,0,0,0,0,0,0,0,0,0,0,0,0,1,0,0,0,0,0,3,1,5,0,1,1,1,1
"gttctatctat","PBANKA_144980",0,0,0,0,0,0,0,0,0,0,0,0,0,0,0,0,0,0,0,0,0,0,0,0,0,0,0,0,0,0,0,0,0,0,0,0,0,0,7,7,0,0,0,0,0,0,0,0,0,0,0,0,0,0,0,0,0,0,0,0,0,0,0,0
"gttcttgactc","PBANKA_143890",0,0,0,0,0,0,0,0,0,0,0,0,0,0,0,0,0,0,0,0,0,0,0,0,0,0,0,0,0,0,0,0,0,0,0,0,0,0,0,0,0,0,0,0,0,0,0,0,0,0,0,0,0,1,0,0,0,0,0,0,0,0,0,0
"gttgcgagcac","PBANKA_030260",0,0,0,0,0,0,0,0,0,0,0,0,0,0,0,0,0,0,0,0,0,0,0,0,0,0,0,0,0,0,0,0,0,0,0,0,0,0,0,0,0,0,10,10,9,9,0,0,0,0,0,0,0,0,0,0,0,0,0,0,0,0,3,5
"gtttaagcttt","PBANKA_135970",0,0,0,0,0,0,0,0,0,0,0,0,0,0,0,0,0,0,0,0,0,0,0,0,0,0,0,0,0,0,0,0,0,0,0,0,0,0,10,9,0,0,0,0,3,4,13,13,0,0,0,0,0,0,0,0,0,0,0,0,0,0,0,0
"gtttaagtgct","PBANKA_140480",0,0,0,0,0,0,0,0,0,0,0,0,0,0,0,0,0,0,0,0,0,0,0,0,0,0,0,0,0,0,0,0,0,0,1,0,0,0,532,504,0,0,0,0,0,0,0,0,0,0,0,0,0,0,0,0,0,0,0,0,0,0,0,0
"taaacaatttc","PBANKA_082350",0,0,0,0,2,2,0,0,0,0,0,0,0,0,0,0,0,0,0,0,0,0,0,0,0,0,0,0,0,0,0,0,0,0,0,0,0,0,0,0,0,0,0,0,0,0,4,4,0,0,0,0,0,0,0,0,0,0,0,0,0,0,0,0
"taaacgaagcc","PBANKA_123820",194,193,89,91,290,290,99,101,240,239,163,165,163,166,80,78,170,167,77,81,78,79,40,38,125,123,90,93,291,291,315,318,96,99,54,54,0,0,0,0,0,0,1,1,0,0,12,12,1,1,0,0,0,1,0,0,0,0,1,1,0,0,0,0
"taaccaatagc","PBANKA_101300",0,0,0,0,4,3,0,0,0,0,0,0,0,0,0,0,0,0,0,0,0,0,0,0,0,0,0,0,0,0,0,0,0,0,0,0,0,0,0,0,0,0,0,0,0,0,0,0,0,0,0,0,0,0,0,0,0,0,0,0,0,0,0,0
"taacctcttct","PBANKA_020830",617,630,316,322,421,430,168,172,278,278,132,135,29,27,17,17,35,36,20,20,26,26,16,17,0,0,0,0,34,35,48,47,0,0,0,0,0,0,0,0,0,0,0,0,0,0,0,0,0,0,0,0,0,0,0,0,0,0,0,0,0,0,0,0
"taacttccctt","PBANKA_100360",0,0,0,0,0,0,0,0,0,0,0,0,0,0,0,0,0,0,0,0,0,0,0,0,0,0,0,0,0,0,0,0,0,0,0,0,0,0,353,355,0,0,0,0,0,0,0,0,0,0,0,0,0,0,0,0,0,0,0,0,0,0,0,0
"taaggttgctt","PBANKA_140700",0,0,0,0,0,0,0,0,0,0,0,0,0,0,0,0,0,0,0,0,0,0,0,0,1,1,0,0,0,0,0,0,0,0,0,0,0,0,0,0,0,0,0,0,0,0,0,0,0,0,0,0,0,0,0,0,0,0,0,0,4,4,3,3
"taagtcgccac","PBANKA_060290",0,0,0,0,0,0,0,0,0,0,0,0,0,0,0,0,0,0,0,0,0,0,0,0,0,0,0,0,0,0,0,0,0,0,0,0,0,0,0,0,0,0,0,0,0,0,0,0,0,0,0,1,0,0,0,0,0,0,0,0,0,0,0,0
"tacacgccccc","PBANKA_041300",0,0,0,0,0,0,0,0,0,0,0,0,0,0,0,0,0,0,0,0,0,0,0,0,0,0,0,0,0,0,0,0,0,0,0,0,0,0,0,0,0,0,0,0,0,0,0,0,0,0,0,0,0,0,0,0,0,0,0,0,0,0,1,1
"tacagctagcc","PBANKA_144140",1879,1969,949,996,2318,2440,1100,1168,1761,1867,1133,1193,2210,2314,1345,1455,3659,3825,2350,2446,1139,1162,755,794,1669,1757,1712,1807,2116,2207,2045,2141,1159,1217,1257,1305,222,248,0,1,524,545,312,325,146,153,74,73,2,1,1,3,2,2,1,2,2,2,2,3,0,1,2,2
"tacaggatat","PBANKA_141360",0,0,0,0,0,0,0,0,0,0,0,0,0,0,0,0,0,0,0,0,0,0,0,0,0,0,0,0,0,0,0,0,0,0,0,0,0,0,0,0,0,1,0,0,0,0,0,0,0,0,0,0,0,0,0,0,0,0,0,0,0,0,0,0
"tacatattgct","PBANKA_093380",0,0,0,0,0,1,0,0,0,0,0,0,0,0,1,1,1,1,0,0,0,0,0,0,2,1,0,0,0,0,1,0,1,1,0,1,4,4,0,0,1,1,0,0,1,1,0,0,302,302,294,294,364,365,382,374,199,196,270,271,47,47,44,45
"tacatcgacac","PBANKA_120290",0,0,0,0,0,0,0,0,0,0,0,0,0,0,0,0,0,0,0,1,0,0,0,0,1,0,0,0,0,0,0,1,1,0,0,1,0,1,0,0,0,1,0,0,0,0,0,0,0,0,0,0,0,0,0,0,0,0,0,1,0,0,0,0
"taccaagattc","PBANKA_070210",0,0,0,0,0,0,0,0,0,0,2,2,1,1,0,0,0,0,0,0,0,0,0,0,0,0,0,0,0,0,0,0,0,0,0,0,0,0,6,6,2,2,1,1,0,0,10,9,0,0,0,0,0,0,0,0,0,0,0,0,1,1,10,11
"taccaagcgat","PBANKA_142210",0,0,1,0,1,1,0,0,0,0,0,0,0,0,2,2,0,0,0,0,1,1,0,0,2,2,1,0,0,0,1,0,1,1,0,0,34,35,1,1,19,18,0,0,56,57,0,0,1312,1289,1188,1176,494,482,484,482,1174,1153,1709,1708,636,608,746,729
"taccatagaag","PBANKA_050570",0,0,0,0,0,0,0,0,0,0,0,0,0,0,0,0,0,0,0,0,0,0,0,0,0,0,0,0,0,0,0,0,0,0,0,0,0,0,267,265,0,0,0,0,0,0,0,0,0,0,0,0,0,0,0,0,0,0,0,0,0,0,0,0
"taccccataat","PBANKA_051830",0,0,0,0,0,0,0,0,0,0,0,0,0,0,0,0,0,0,0,0,0,0,0,0,0,0,0,0,0,0,0,0,0,0,0,0,6,6,0,0,0,0,0,0,10,9,0,0,0,0,0,0,0,0,0,0,0,0,0,0,0,0,1,1
"tacggcgctca","PBANKA_121140",0,0,0,0,0,0,0,0,0,0,0,0,0,0,0,0,0,0,0,0,0,0,0,0,0,0,0,0,0,0,0,0,0,0,0,0,6,7,0,0,0,0,0,0,0,0,0,0,0,0,0,0,0,0,0,0,0,0,0,0,0,0,11,9
"tactccttggt","PBANKA_100630",0,0,0,0,0,1,0,0,0,0,0,0,0,0,0,0,0,0,0,0,0,0,0,0,0,0,0,0,0,0,0,0,0,0,0,0,0,0,0,0,0,0,0,0,0,0,0,0,0,0,0,0,0,0,0,0,0,0,0,0,0,0,0,0
"tacttcgccaa","PBANKA_110800",8892,9093,4366,4471,8197,8386,4317,4398,8907,9116,6389,6551,10957,11183,7097,7288,8514,8692,6059,6180,8511,8578,5493,5590,9712,9882,8642,8745,10547,10637,10500,10747,9943,10133,9442,9635,5693,5839,23,23,3618,3699,1805,1838,3821,3901,2670,2750,13,15,20,22,12,12,14,14,9,13,8,17,12,13,3,7
"tacttcgccta","PBANKA_080200",6,6,0,4,9,1,4,2,4,1,4,4,6,4,5,2,5,6,2,3,3,3,3,1,7,7,1,3,4,6,7,14,4,7,8,3,3,3,1,0,3,2,5,0,3,0,2,2,0,0,0,0,0,0,1,1,0,0,0,0,0,0,0,0
"tagatatattc","PBANKA_100550",0,0,0,0,0,1,0,0,0,0,0,0,1,1,1,1,0,0,1,1,1,1,0,0,0,0,1,1,0,0,1,2,1,1,0,1,43,43,3,2,25,25,2,2,47,43,1,2,1338,1359,1208,1207,799,788,752,738,1476,1463,2060,2077,777,754,965,970
"tagctgaagta","PBANKA_113950",0,0,0,0,2,2,0,0,0,0,0,0,0,0,0,0,0,0,0,0,0,0,0,0,0,0,0,0,0,0,0,0,0,0,0,0,0,0,0,0,0,0,0,0,0,0,0,0,0,0,0,0,0,0,0,0,0,0,0,0,0,0,0,0
"tagggcgaagt","PBANKA_021140",0,0,0,0,2,2,0,0,0,0,0,0,0,0,0,0,0,0,0,0,0,0,0,0,0,0,0,0,0,0,0,0,0,0,0,0,0,0,0,0,0,0,0,0,0,0,0,0,0,0,0,0,0,0,0,0,0,0,0,0,0,0,0,0
"tagtccgatca","PBANKA_141850",0,0,0,0,0,0,0,0,0,0,0,0,0,0,0,0,0,0,0,0,0,0,0,0,0,0,0,0,0,0,0,0,0,0,0,0,0,0,0,0,0,0,0,0,0,0,0,0,0,0,0,0,0,0,0,0,4,3,0,0,0,0,0,0
"tagtgccaggc","PBANKA_140410",0,0,0,0,0,0,0,0,0,0,0,0,0,0,0,0,0,0,0,0,0,0,0,0,0,0,0,0,0,0,0,0,0,0,0,0,0,0,0,0,0,0,0,0,0,0,14,12,0,0,0,0,0,0,0,0,0,0,0,0,0,0,4,4
"tatactaacag","PBANKA_144490",0,0,0,0,1,1,0,0,0,0,0,0,0,0,0,0,0,0,0,0,0,0,0,0,0,0,0,0,0,0,0,0,0,0,0,0,0,0,0,0,0,0,0,0,0,0,0,0,0,0,0,0,0,0,0,0,0,0,0,0,0,0,0,0
"tatcgaccccg","PBANKA_124120",0,0,0,0,0,0,0,0,0,0,1,1,1,1,0,0,1,1,3,3,0,0,1,1,2,2,0,0,0,0,1,1,3,3,0,0,38,37,3,3,45,48,0,1,111,108,1,1,2320,2280,2101,2092,1055,1045,1010,1009,1497,1494,2014,2008,586,562,653,630
"tatctctccca","PBANKA_123670",0,0,0,0,0,0,0,0,0,0,0,0,0,0,0,0,0,0,0,0,0,0,0,0,0,1,0,0,0,0,0,0,0,0,0,0,0,0,0,0,0,0,0,0,0,0,0,0,0,0,0,0,0,0,0,0,0,0,0,0,0,0,0,0
"tcacctcgtgc","PBANKA_111180",0,0,0,0,0,0,0,0,0,0,0,0,0,0,0,0,0,0,0,0,0,0,0,0,0,0,0,0,0,0,0,0,0,0,0,0,0,0,63,59,0,0,2,2,0,0,0,0,0,0,0,0,0,0,0,0,0,0,0,0,0,0,0,0
"tcagattcat","PBANKA_146050",0,0,0,0,0,0,0,0,0,0,0,0,0,0,0,0,0,0,0,0,0,0,0,0,0,0,0,0,0,0,0,0,0,0,0,0,0,0,193,195,0,0,0,0,0,0,0,0,0,0,0,0,0,0,0,0,0,0,0,0,0,0,0,0
"tcagttggatg","PBANKA_101660",0,0,0,0,0,0,1,0,0,0,0,0,0,0,0,0,0,0,0,0,0,0,0,0,0,0,0,0,0,0,0,0,0,0,0,0,0,0,0,0,0,0,0,0,0,0,0,0,0,0,0,0,0,0,0,0,0,0,0,0,0,0,0,0
"tcatttctagc","PBANKA_040930",337,338,69,65,2531,2485,586,573,463,451,169,168,6,6,1,1,19,19,10,10,4,4,1,1,1,1,0,0,45,47,32,33,10,10,3,3,0,0,8,8,0,0,0,0,0,0,0,0,0,0,0,0,0,0,0,0,1,1,0,0,0,0,1,0
"tcccattccct","PBANKA_143860",0,0,0,0,5,5,0,0,0,0,0,0,0,0,0,0,0,0,0,0,0,0,0,0,0,0,0,0,0,0,1,2,0,0,0,0,0,0,0,0,0,0,0,0,0,0,9,7,0,0,0,0,0,0,0,0,0,0,0,0,0,0,0,0
"tcccgcctagc","PBANKA_134090",1,0,0,0,0,0,0,0,1,0,0,0,1,0,0,0,1,0,1,0,0,0,0,0,2,0,1,0,0,0,1,0,0,0,0,0,0,0,0,0,0,0,0,0,0,0,1,0,0,0,2,0,1,0,0,0,0,0,0,0,0,0,0,0
"tcccttgatcg","PBANKA_145930",1,0,0,0,0,0,0,0,0,0,1,0,0,0,0,0,0,0,0,0,0,0,0,0,0,0,0,0,1,0,0,0,1,0,0,0,1,0,0,0,0,0,0,0,0,0,0,0,0,0,0,0,0,0,0,0,0,0,0,0,0,0,0,0
"tccgtcttat","PBANKA_082710",0,0,0,0,0,0,0,0,0,0,0,0,0,1,0,0,0,0,0,0,0,0,0,0,0,0,0,0,0,0,0,0,0,0,0,0,0,0,0,0,0,0,0,0,0,0,0,0,0,0,0,0,0,0,0,0,0,0,0,0,0,0,0,0
"tcctggttaga","PBANKA_103600",0,0,0,0,0,1,0,0,0,0,0,0,0,0,0,0,0,0,0,0,0,0,0,0,0,0,0,0,0,0,0,0,0,0,0,0,0,0,0,0,0,0,0,0,0,0,0,0,0,0,0,0,0,0,0,0,0,0,0,0,0,0,0,0
"tcgacagagag","PBANKA_142750",0,0,0,0,0,0,0,0,0,0,0,0,0,0,0,0,0,0,0,0,0,0,0,0,0,0,0,0,0,0,0,0,0,0,0,0,0,0,0,0,0,0,7,6,0,0,0,0,0,0,0,0,0,0,0,0,0,0,0,0,0,0,0,0
"tcgatggttca","PBANKA_143400",0,0,0,0,2,2,0,0,0,0,0,0,0,0,0,0,0,0,0,0,0,0,0,0,0,0,0,0,0,0,0,0,0,0,0,0,0,0,0,0,0,0,0,0,0,0,0,0,0,0,0,0,0,0,0,0,0,0,0,0,0,0,0,0
"tcgctgccggc","PBANKA_140560",1,0,0,1,0,0,0,0,1,0,0,1,0,0,0,0,0,0,0,0,0,0,0,0,0,0,0,0,0,0,0,0,0,0,0,0,0,0,0,0,0,0,0,0,0,0,0,0,0,0,0,0,0,0,0,0,0,0,0,0,0,0,0,0
"tcgtgcacacg","PBANKA_102260",0,0,0,0,0,0,0,0,0,0,1,1,0,0,0,0,0,0,0,0,0,0,1,1,0,0,0,0,0,0,1,1,0,0,0,0,0,0,3110,3048,0,0,4,4,0,0,0,0,0,0,1,1,0,0,0,0,1,0,0,0,0,0,0,0
"tctcggttat","PBANKA_061670",12582,12254,6907,6708,9703,9412,4902,4767,12054,11745,9081,8948,10248,9999,6211,6125,9053,8843,5976,5831,7729,7455,4843,4726,10980,10683,10717,10368,7079,6919,7653,7419,9599,9299,8658,8460,5977,5889,47,45,4204,4084,2025,1987,3668,3571,3114,3048,19,16,29,29,10,8,8,5,12,10,15,15,7,7,14,13
"tctgtctgtgc","PBANKA_145030",0,0,0,0,0,0,0,0,0,0,0,0,0,0,0,0,0,0,0,0,0,0,0,0,0,0,0,0,0,0,0,0,0,0,0,0,0,0,66,63,0,0,1,1,0,0,0,0,0,0,0,0,0,0,0,0,0,0,0,0,0,0,0,0
"tgagagccata","PBANKA_051970",0,0,0,0,0,0,0,0,0,0,0,0,0,0,0,0,0,0,0,0,0,0,0,0,0,0,0,0,0,0,0,0,0,0,0,0,5,6,0,0,5,5,0,0,6,6,0,0,0,0,0,0,0,0,0,0,0,0,0,0,1,1,37,37
"tgcaggacagc","PBANKA_081950",136,136,45,47,4103,4015,1580,1571,156,149,77,79,111,103,45,44,1801,1729,787,770,121,120,74,73,48,47,38,39,1894,1871,2004,1960,216,218,156,152,248,246,7,8,1107,1059,457,445,120,119,72,74,1,2,2,1,3,0,1,1,3,2,0,1,4,3,0,0
"tgcatcggctg","PBANKA_080550",0,0,0,0,0,0,0,0,0,0,0,0,0,0,0,0,0,0,0,0,0,0,0,0,0,0,0,0,0,0,0,0,0,0,0,0,0,0,0,0,0,0,0,0,0,0,0,0,0,0,0,0,0,0,0,0,0,0,0,0,0,0,4,4
"tgccaaaaacc","PBANKA_051560",2,2,4,4,4,4,0,0,3,2,2,3,1,1,5,3,3,2,1,1,0,1,4,2,3,3,2,2,2,4,2,2,2,4,1,1,72,73,2,1,53,51,2,2,207,203,4,4,3718,3696,3313,3299,3870,3867,3235,3217,2566,2556,3837,3826,4442,4337,5207,5171
"tgccgagctgc","PBANKA_050230",0,0,0,0,0,0,0,0,0,0,0,0,0,0,0,0,0,0,0,0,0,0,0,0,0,0,0,0,0,0,0,0,0,0,0,0,0,0,7,7,3,2,0,0,0,0,0,0,0,0,0,0,0,0,0,0,0,0,0,0,0,0,7,8
"tgcctaggcac","PBANKA_093470",0,0,0,0,0,0,0,0,0,0,0,0,0,0,0,0,0,0,0,0,0,0,0,0,0,0,0,0,0,0,0,0,0,0,0,0,10,13,0,0,0,0,0,0,11,12,0,0,0,0,0,0,0,0,0,0,0,0,0,0,0,0,8,9
"tgccttgtatg","PBANKA_051490",4411,4362,2174,2177,7772,7694,4193,4169,2736,2698,1633,1614,4916,4862,2899,2880,4447,4402,3160,3117,2040,1985,1595,1587,3545,3519,4253,4220,3391,3339,2682,2651,2345,2332,1823,1818,2652,2647,1325,1307,1972,1941,979,980,663,666,1004,1002,1345,1354,1231,1221,978,981,852,840,785,775,1122,1100,1033,1007,1113,1095
"tgcgattctaa","PBANKA_133220",0,0,0,1,0,0,0,0,0,2,0,0,0,0,0,0,0,0,0,1,0,0,0,0,0,0,0,1,0,0,0,0,0,0,0,0,0,0,0,0,0,0,0,0,0,0,0,0,0,0,0,0,0,0,0,0,0,0,0,0,0,0,0,0
"tgcgattggaa","PBANKA_051630",4028,4126,1944,1982,2124,2185,1073,1102,4041,4108,2750,2823,207,218,131,131,176,181,173,177,212,213,144,147,113,114,91,99,80,79,76,78,110,113,108,110,360,373,14,12,255,250,83,86,65,69,82,80,3,4,4,4,5,6,0,1,0,2,0,0,0,1,0,0
"tgctagagggg","PBANKA_030910",0,0,0,0,0,1,0,0,0,0,0,0,0,0,0,0,0,0,0,0,0,0,0,0,0,0,0,0,0,0,0,0,0,0,0,0,0,0,0,0,0,0,0,0,0,0,0,0,0,0,0,0,0,0,0,0,0,0,0,0,0,0,0,0
"tgctccctggg","PBANKA_020510",8218,8063,4459,4386,13674,13424,7592,7480,8014,7875,5727,5669,6832,6670,4425,4383,12226,11976,8900,8670,4916,4796,3264,3205,4811,4702,4435,4344,11014,10747,11285,11097,5450,5359,4757,4661,5727,5697,31,27,8193,7985,4124,4034,2153,2133,1945,1928,10,12,12,9,10,9,10,13,13,14,9,7,9,8,10,7
"tggcgtgtgtg","PBANKA_120450",0,0,0,0,0,0,0,0,0,0,0,0,0,0,0,0,0,0,0,0,0,0,0,0,0,0,0,0,0,0,0,0,0,0,0,0,0,0,0,0,0,0,0,0,0,0,0,0,0,0,0,0,0,0,0,0,0,0,1,0,0,0,0,0
"tgtaagtgaac","PBANKA_124440",0,0,0,0,0,0,0,0,0,0,0,0,0,0,0,0,0,0,0,0,0,0,0,0,3,2,0,0,0,0,0,0,0,0,0,0,0,0,0,0,0,0,0,0,0,0,0,0,0,0,0,0,0,0,0,0,0,0,0,0,0,0,0,0
"tgtacccttta","PBANKA_021390",0,0,0,0,0,0,0,0,0,0,0,0,0,0,0,0,0,0,0,0,0,0,0,0,0,0,0,0,0,0,0,0,0,0,0,0,0,0,0,0,0,0,0,0,2,2,0,0,0,0,0,0,0,0,0,0,0,0,0,0,0,0,5,6
"tgtcacgatac","PBANKA_071830",0,0,0,0,0,0,0,0,0,0,0,0,0,0,0,0,0,0,0,0,0,0,0,0,0,0,0,0,0,0,0,0,0,0,0,0,4,4,8,8,7,7,0,0,0,0,8,8,0,0,0,0,0,0,0,0,0,0,0,0,0,0,3,3
"tgtccggtgcc","PBANKA_092660",0,0,0,0,0,0,0,0,0,0,2,2,0,0,0,0,0,0,0,0,0,0,2,2,0,0,1,1,0,0,0,0,0,0,0,0,0,0,0,0,0,0,0,0,0,0,43,43,0,0,1,1,0,0,0,0,0,0,0,0,0,0,2,2
"tgtcgaagttg","PBANKA_101080",0,0,0,0,0,0,0,0,0,0,0,0,0,0,0,0,0,0,0,0,0,0,0,0,0,0,0,0,0,0,0,0,0,0,0,0,5,5,0,0,0,0,0,0,0,0,0,0,0,0,0,0,0,0,0,0,0,0,0,0,0,0,0,0
"tgtcggccgcc","PBANKA_130620",0,0,0,0,0,0,0,0,0,0,0,0,0,0,0,0,0,0,0,0,0,0,0,0,0,0,0,0,0,0,0,0,0,0,0,0,0,0,153,140,0,0,0,0,0,0,0,0,0,0,0,0,0,0,0,0,0,0,0,0,0,0,0,0
"tgttgtctcgg","PBANKA_031190",0,0,0,0,0,0,0,0,0,0,0,0,0,0,0,0,0,0,0,0,0,0,0,0,0,0,0,0,0,0,0,0,0,0,0,0,0,0,0,0,0,0,0,0,0,0,0,0,0,0,0,0,0,0,0,0,1,0,0,0,0,0,0,0
"ttaaagtgatt","PBANKA_112620",0,0,0,0,0,0,0,0,0,0,0,0,0,0,0,0,0,0,0,0,0,0,0,0,0,0,0,0,0,0,0,0,0,0,0,0,0,0,3,3,5,5,0,0,0,0,0,0,0,0,0,0,0,0,0,0,0,0,0,0,3,3,0,0
"ttacaatggaa","PBANKA_121040",0,0,1,1,0,0,0,0,0,0,7,7,0,0,0,0,0,0,0,0,0,0,0,1,0,0,0,0,0,0,0,0,0,0,0,0,0,0,2392,2469,0,0,4,6,0,0,8,8,0,0,0,0,0,0,0,0,3,3,1,1,0,1,4,4
"ttacacggcat","PBANKA_090880",0,0,0,0,0,0,0,0,0,0,0,0,0,0,0,0,0,0,0,0,0,0,0,0,0,0,0,0,0,0,0,0,0,0,0,0,0,0,0,0,9,11,0,0,0,0,0,0,0,0,0,0,0,0,0,0,0,0,0,0,0,0,5,5
"ttacagtcctc","PBANKA_121370",0,0,0,0,0,0,0,0,0,0,6,7,0,0,0,0,0,0,0,0,0,0,0,0,0,0,0,0,0,0,1,1,0,0,0,0,0,0,1814,1789,0,0,0,0,0,0,36,33,0,0,0,0,0,0,0,0,0,0,1,1,0,0,0,0
"ttacatgctgg","PBANKA_145700",0,0,0,0,0,0,0,0,0,0,0,0,0,0,0,0,0,0,0,0,0,0,0,0,0,0,0,0,0,0,0,0,0,0,0,0,0,0,0,0,0,0,0,0,0,0,10,7,0,0,0,0,0,0,0,0,0,0,0,0,0,0,3,3
"ttagcaggccg","PBANKA_110480",0,0,0,0,0,0,0,0,0,0,0,0,0,0,0,0,0,0,0,0,0,0,0,0,0,0,0,0,0,0,0,0,0,0,0,0,0,0,0,0,0,0,0,0,0,0,0,0,0,0,0,0,0,0,0,0,0,0,0,0,0,0,4,5
"ttatgctaagg","PBANKA_092980",0,0,0,0,0,0,0,0,1,0,2,2,0,0,0,0,0,0,0,0,0,0,0,0,0,0,1,1,0,0,0,0,0,0,0,0,0,0,741,722,0,0,0,0,0,0,3,3,0,0,0,0,0,0,0,0,0,0,0,0,0,0,0,0
"ttcaaggggat","PBANKA_103690",0,0,0,0,0,0,0,0,0,0,0,0,0,0,0,0,0,0,0,0,0,0,0,0,0,0,0,0,0,0,0,0,0,0,0,0,0,0,0,0,0,0,1,0,0,0,0,0,0,0,0,0,0,0,0,0,0,0,0,0,0,0,0,0
"ttccaccttac","PBANKA_030600-ko",296,322,128,145,79,84,27,29,0,0,0,0,462,500,285,321,0,1,0,0,0,0,0,0,243,272,206,246,0,0,0,0,0,0,0,0,64,73,268,288,0,0,0,0,0,1,0,0,0,0,0,0,0,0,0,0,0,0,0,0,0,0,0,0
"ttcgatgtatt","PBANKA_114240",3,3,0,0,1,0,2,1,1,1,0,0,0,0,0,0,0,0,0,0,0,0,0,0,0,0,0,0,0,0,0,0,0,0,0,0,0,0,0,0,0,0,0,0,0,0,0,0,0,0,0,0,0,0,0,0,0,0,0,0,0,0,0,0
"ttcgggatacg","PBANKA_093290",0,0,0,0,0,0,0,0,0,0,0,0,0,0,0,0,0,0,0,0,0,0,0,0,0,0,0,0,0,0,0,0,0,0,0,0,0,0,0,0,0,0,0,0,0,0,7,7,0,0,0,0,0,0,0,0,0,0,0,0,0,0,2,2
"ttctgagcatc","PBANKA_131260",0,0,0,0,0,0,0,0,0,0,0,0,0,0,0,0,0,0,0,0,0,0,0,0,0,0,0,0,0,0,0,0,0,0,0,0,0,0,0,0,0,0,0,0,14,14,0,0,0,0,0,0,0,0,0,0,0,0,0,0,0,0,7,7
"ttgatgtactt","PBANKA_132790",0,0,0,0,0,0,0,0,0,0,0,0,0,0,0,0,0,0,0,0,0,0,0,0,0,0,0,0,0,0,0,0,0,0,0,0,0,0,0,0,0,0,0,0,0,0,0,0,0,0,0,1,0,0,0,0,0,0,0,0,0,0,0,0
"ttgcgttcgac","PBANKA_136050",0,0,0,0,1,0,0,0,0,0,0,0,0,0,0,0,0,0,0,0,0,0,0,0,0,0,0,0,0,0,0,0,0,0,0,0,0,0,0,0,0,0,0,0,0,0,0,0,0,0,0,0,0,0,0,0,0,0,0,0,0,0,0,0
"ttgctgtcggc","PBANKA_111510",3034,2931,1541,1491,3638,3544,2010,1958,3932,3826,2940,2877,0,0,0,0,4,4,6,6,3,3,6,4,3,2,0,0,1,1,0,0,0,0,0,0,1,1,0,0,10,7,0,0,2,1,23,21,0,0,2,0,0,0,1,1,1,1,0,0,0,0,0,0
"ttggcacggcg","PBANKA_124660",0,0,0,0,0,0,0,0,0,0,0,0,0,0,0,0,0,0,0,0,0,0,0,0,0,0,0,0,0,0,0,0,0,0,0,0,0,0,0,0,0,0,0,0,0,0,0,0,0,0,0,0,0,0,0,0,0,0,0,0,0,0,3,3
"ttgtacacccg","PBANKA_102630",0,0,0,0,0,0,0,0,0,0,0,0,0,0,0,0,0,0,0,0,0,0,0,0,0,0,0,0,0,0,0,0,0,0,0,0,0,0,0,0,0,0,0,0,0,0,0,0,0,0,0,0,0,0,0,0,0,0,0,0,0,0,4,4
"ttgtcgccgtc","PBANKA_092970",0,0,0,0,0,0,0,0,0,0,0,0,0,0,0,0,0,0,0,0,0,0,0,0,0,0,0,0,0,0,0,0,0,0,0,0,0,0,0,0,0,0,0,0,0,0,19,19,0,0,2,2,0,0,3,3,0,0,0,0,0,0,23,25
"ttgtgtcctgc","PBANKA_140660",0,0,0,0,0,0,0,0,0,0,0,0,0,0,0,0,0,0,0,0,0,0,0,0,0,0,0,0,0,0,0,0,0,0,0,0,4,4,0,0,1,2,0,0,4,4,0,0,0,0,0,0,0,0,0,0,0,0,0,0,0,0,9,8
"ttgttaattga","PBANKA_132950",61,64,35,37,76,74,62,60,18,19,4,4,62,59,31,31,176,173,154,152,0,0,0,0,53,52,77,76,115,111,123,119,58,60,70,70,0,0,1,1,27,22,5,5,0,0,0,0,0,0,0,0,0,0,0,0,0,0,1,1,1,1,0,0
"tttaattacgt","PBANKA_103850",0,0,0,0,0,0,0,0,0,0,0,0,0,0,0,0,0,0,0,0,0,0,0,0,0,0,0,0,0,0,0,0,0,0,0,0,0,0,0,0,0,0,0,0,20,19,0,0,0,0,0,0,0,0,0,0,0,0,0,0,0,0,9,8
"tttacggagat","PBANKA_145920",7024,6957,3262,3207,2053,2013,1044,1019,3462,3422,2515,2476,11889,11669,6935,6917,3039,2995,1958,1923,4811,4675,3062,3012,9734,9566,8682,8518,2321,2288,2318,2277,4564,4461,4146,4091,10,9,3,3,2,2,14,11,0,1,38,35,14,11,8,6,4,4,3,2,8,5,5,3,7,8,7,5
"tttccggaaag","PBANKA_122420",0,0,0,0,0,0,0,0,0,0,0,0,0,0,0,0,0,0,0,0,0,0,0,0,0,1,0,0,0,0,0,0,0,0,0,0,0,0,0,0,0,0,0,0,0,0,0,0,0,0,0,0,0,0,0,0,0,0,0,0,0,0,0,0
"tttccgtaggt","PBANKA_080290",0,0,0,0,1,0,0,0,0,0,0,0,0,0,0,0,0,0,0,0,0,0,0,0,0,0,0,0,0,0,0,0,0,0,0,0,0,0,0,0,0,0,0,0,0,0,0,0,0,0,0,0,0,0,0,0,0,0,0,0,0,0,0,0
"tttctggtaag","PBANKA_124200",1472,1431,649,638,813,801,328,331,1077,1051,708,695,2517,2483,1105,1087,869,828,572,549,1204,1164,754,755,1806,1755,1676,1628,854,823,977,956,1266,1226,1114,1101,1859,1854,0,0,489,473,155,154,561,554,433,425,2,1,3,4,4,4,0,0,4,2,1,2,0,0,5,4
"tttctgtagac","PBANKA_041040",0,0,0,1,0,0,0,0,0,0,0,0,0,0,0,0,0,0,0,0,0,0,0,0,0,0,0,0,0,0,0,0,0,0,0,0,0,0,0,0,0,0,0,0,0,0,0,0,0,0,0,0,0,0,0,0,0,0,0,0,0,0,0,0
"tttgacagggg","PBANKA_051770",0,0,0,0,0,0,0,0,0,0,0,0,0,0,0,0,0,0,0,0,0,0,0,0,0,0,0,0,0,0,0,0,0,0,0,0,1,1,0,0,0,0,0,0,0,0,7,6,0,0,0,0,0,0,0,0,0,0,0,0,0,0,0,0
"tttgacgcaaa","PBANKA_123490",0,0,0,0,0,0,0,0,0,0,0,0,0,0,0,0,0,0,0,0,0,0,0,0,0,0,0,0,0,0,0,0,0,0,0,0,0,0,0,0,0,0,0,0,0,0,0,0,0,0,0,0,0,0,0,0,0,0,0,0,0,0,3,3
"tttgcgggtat","PBANKA_140780",0,0,0,0,0,0,0,0,0,0,0,0,0,0,0,0,0,0,0,0,0,0,1,0,0,0,0,0,0,0,0,0,0,0,0,0,0,0,0,0,0,0,0,0,0,0,0,0,0,0,0,0,0,0,0,0,0,0,0,0,0,0,0,0
"ttttctgtggt","PBANKA_121900",0,0,1,0,0,0,0,0,0,0,0,0,0,0,0,0,0,0,0,0,0,0,0,0,2,0,1,0,0,0,0,0,0,0,2,0,0,0,0,0,0,0,0,0,0,0,0,0,0,0,0,0,0,0,0,0,0,0,0,0,0,0,0,0
